"HH","Cluster","HH_members_Total","HH_members_u5","joined_HH_total","joined_HH_u5","left_HH_total","left_HH_u5","Births","Deaths_Total","Deaths_u5"
"1","","8","2","0","0","3","0","1","0","0"
"2","","8","2","2","0","1","0","0","0","0"
"3","","4","1","0","0","0","0","0","0","0"
"4","","6","2","0","1","0","0","0","0","0"
"5","","5","2","1","0","2","0","0","0","0"
"6","","4","1","0","0","1","0","0","0","0"
"7","","7","0","2","0","0","0","0","0","0"
"8","","4","0","1","0","0","0","0","0","0"
"9","","5","1","2","0","1","0","0","0","0"
"10","","7","2","2","1","1","0","0","0","0"
"11","","3","0","0","0","1","0","0","0","0"
"12","","7","3","1","0","2","0","1","0","0"
"13","","8","1","0","0","0","0","0","0","0"
"14","","7","2","0","0","1","1","0","0","0"
"15","","8","2","1","0","1","0","0","0","0"
"16","","6","2","1","1","2","0","0","0","0"
"17","","3","1","0","0","0","0","0","0","0"
"18","","6","2","0","0","1","0","0","0","0"
"19","","9","3","1","1","1","0","0","0","0"
"20","","7","3","0","0","1","0","0","0","0"
"21","","5","1","1","0","1","0","0","0","0"
"22","","4","1","1","0","0","0","0","0","1"
"23","","9","1","0","0","2","0","0","0","0"
"24","","7","3","1","0","2","0","0","0","0"
"25","","3","2","0","0","0","0","0","1","0"
"26","","3","0","0","0","0","0","0","0","0"
"27","","3","1","0","0","0","0","0","0","0"
"28","","4","1","0","0","0","0","0","0","0"
"29","","4","2","0","0","0","0","0","0","0"
"30","","10","0","0","0","0","0","0","0","0"
"31","","6","3","0","0","0","0","0","0","0"
"32","","7","1","0","0","0","0","0","0","1"
"33","","5","2","0","0","0","0","0","0","0"
"34","","5","0","0","0","0","0","0","0","0"
"35","","6","1","0","0","0","0","0","0","0"
"36","","7","1","0","0","0","0","0","0","0"
"37","","5","2","0","0","0","0","0","0","0"
"38","","4","0","0","0","0","0","0","0","0"
"39","","3","1","0","0","0","0","0","0","0"
"40","","5","0","0","0","1","0","0","1","0"
"41","","6","3","0","0","0","0","1","0","0"
"42","","6","0","0","0","0","0","0","0","0"
"43","","5","1","0","0","0","0","0","0","0"
"44","","6","3","0","0","0","0","1","0","0"
"45","","4","1","0","0","0","0","0","0","0"
"46","","3","1","0","0","0","0","0","0","0"
"47","","8","3","0","0","0","0","0","0","0"
"48","","8","3","0","0","0","0","0","0","0"
"49","","4","1","0","0","0","0","1","0","0"
"50","","4","1","0","0","0","0","0","0","0"
"51","","4","0","0","0","0","0","0","0","0"
"52","","5","0","0","0","0","0","0","0","0"
"53","","10","3","0","0","0","0","0","0","0"
"54","","4","1","0","0","0","0","0","0","0"
"55","","5","2","0","0","0","0","0","0","0"
"56","","5","2","0","0","1","1","0","0","0"
"57","","7","2","0","0","0","0","0","0","0"
"58","","5","2","0","0","0","0","0","0","0"
"59","","7","4","0","0","0","0","0","0","0"
"60","","6","2","0","0","0","0","0","0","0"
"61","","4","2","0","0","0","0","0","0","0"
"62","","5","2","0","0","0","0","0","0","0"
"63","","8","2","0","0","0","0","0","0","0"
"64","","8","2","0","0","0","0","0","0","0"
"65","","4","2","0","0","0","0","0","0","0"
"66","","4","2","0","0","0","0","0","0","0"
"67","","9","1","0","0","0","0","0","0","0"
"68","","5","3","0","0","0","0","0","0","0"
"69","","6","3","0","0","0","0","1","0","0"
"70","","7","3","0","0","0","0","0","0","0"
"71","","5","3","0","0","0","0","0","0","0"
"72","","7","3","0","0","0","0","0","0","0"
"73","","4","2","0","0","0","0","0","0","0"
"74","","6","3","0","0","1","0","0","0","0"
"75","","9","0","0","0","0","0","0","0","0"
"76","","4","1","0","0","1","0","0","0","0"
"77","","4","0","0","0","2","0","0","0","0"
"78","","8","1","0","0","0","0","0","0","0"
"79","","8","1","2","0","1","0","0","1","1"
"80","","5","2","0","0","2","0","0","1","0"
"81","","7","2","0","0","1","0","0","0","0"
"82","","8","1","2","0","0","0","0","0","0"
"83","","3","0","0","0","2","0","0","0","0"
"84","","7","1","0","0","1","0","0","0","0"
"85","","10","2","0","0","2","0","0","0","0"
"86","","4","2","0","0","0","0","0","0","0"
"87","","5","0","0","0","2","0","0","0","0"
"88","","4","2","0","0","0","0","0","0","0"
"89","","6","0","0","0","3","0","0","0","0"
"90","","11","3","2","0","2","0","0","0","0"
"91","","9","2","0","0","2","0","0","0","0"
"92","","7","2","0","0","0","0","0","0","0"
"93","","5","0","0","0","1","0","0","0","0"
"94","","3","1","0","0","0","0","0","0","0"
"95","","5","0","0","0","2","0","0","0","0"
"96","","8","4","0","0","0","0","0","0","0"
"97","","5","1","0","0","1","0","0","0","0"
"98","","6","1","0","0","0","0","0","0","0"
"99","","5","2","0","0","1","0","0","0","0"
"100","","7","2","0","0","0","0","0","0","0"
"101","","6","0","0","0","0","0","1","0","0"
"102","","6","3","0","0","0","0","0","0","0"
"103","","3","2","0","0","0","0","0","0","0"
"104","","4","2","2","0","0","0","0","0","0"
"105","","4","2","0","0","2","0","0","0","0"
"106","","4","1","0","0","0","0","0","0","0"
"107","","7","3","0","0","2","0","0","0","0"
"108","","4","1","0","0","0","0","1","0","0"
"109","","5","2","0","0","2","0","0","0","0"
"110","","8","3","0","0","1","0","0","0","0"
"111","","5","3","0","0","0","0","0","0","0"
"112","","6","3","0","0","0","0","0","0","0"
"113","","3","1","0","0","0","0","0","0","0"
"114","","6","2","0","0","0","0","0","0","0"
"115","","5","1","0","0","0","0","0","0","0"
"116","","7","2","0","0","0","0","0","0","0"
"117","","6","2","0","0","0","0","0","0","0"
"118","","10","3","0","0","0","0","0","0","0"
"119","","6","3","0","0","0","0","0","0","0"
"120","","4","2","0","0","0","0","0","0","0"
"121","","6","3","0","0","0","0","0","0","1"
"122","","5","3","0","0","0","0","0","0","0"
"123","","8","2","0","0","0","0","0","0","0"
"124","","5","1","0","0","0","0","0","0","0"
"125","","5","2","0","0","0","0","0","0","0"
"126","","8","2","0","0","0","0","0","0","0"
"127","","4","1","0","0","0","0","0","0","0"
"128","","9","4","0","0","2","0","0","1","0"
"129","","4","2","0","0","1","0","0","0","0"
"130","","10","3","0","0","0","0","0","0","0"
"131","","4","2","0","0","0","0","0","0","0"
"132","","9","1","0","0","1","0","0","1","0"
"133","","4","1","0","0","0","0","1","0","0"
"134","","9","3","0","0","0","0","0","0","0"
"135","","6","3","0","0","0","0","0","0","0"
"136","","7","2","0","0","0","0","0","0","0"
"137","","9","2","0","0","0","0","0","0","0"
"138","","5","3","0","0","0","0","0","0","0"
"139","","5","2","0","0","0","0","1","0","0"
"140","","5","3","0","0","0","0","0","0","0"
"141","","5","3","0","0","1","0","0","1","0"
"142","","3","1","0","0","1","0","0","0","0"
"143","","4","3","0","0","1","0","0","1","0"
"144","","7","0","0","0","1","0","0","0","0"
"145","","6","0","0","0","1","0","0","0","0"
"146","","5","3","0","0","1","0","0","0","0"
"147","","7","1","0","0","0","0","0","0","0"
"148","","4","0","0","0","0","0","0","0","0"
"149","","4","1","0","0","0","0","0","0","0"
"150","","4","1","0","0","0","0","0","0","0"
"151","","4","2","0","0","0","0","0","0","0"
"152","","7","0","0","0","0","0","0","0","0"
"153","","7","3","0","0","0","0","0","0","0"
"154","","5","2","0","0","0","0","0","0","0"
"155","","4","2","0","0","0","0","0","0","0"
"156","","3","1","0","0","0","0","0","0","0"
"157","","4","1","0","0","0","0","0","0","0"
"158","","5","1","0","0","0","0","0","0","0"
"159","","9","2","0","0","0","0","0","0","0"
"160","","2","1","0","0","1","0","0","0","0"
"161","","2","1","0","0","2","1","0","0","0"
"162","","4","2","0","0","0","0","0","0","0"
"163","","2","1","0","0","0","0","0","0","0"
"164","","8","3","0","0","0","0","0","0","0"
"165","","7","3","0","0","0","0","0","0","0"
"166","","4","1","0","0","3","0","0","0","0"
"167","","9","1","0","0","0","0","0","0","0"
"168","","5","2","0","0","0","0","0","0","0"
"169","","4","2","0","0","0","0","0","0","0"
"170","","7","1","0","0","0","0","0","0","0"
"171","","6","1","0","0","0","0","0","0","0"
"172","","5","1","0","0","0","0","0","0","0"
"173","","9","3","0","0","0","0","1","0","0"
"174","","5","1","0","0","1","0","0","0","0"
"175","","3","1","0","0","0","0","0","0","0"
"176","","10","1","0","0","0","0","0","0","0"
"177","","6","2","0","0","0","0","0","0","0"
"178","","2","0","0","0","0","0","0","0","0"
"179","","6","2","0","0","0","0","0","0","0"
"180","","3","1","0","0","0","0","0","0","0"
"181","","3","1","0","0","0","0","0","0","0"
"182","","6","2","0","0","1","0","1","0","0"
"183","","3","1","0","0","1","0","0","0","0"
"184","","5","0","0","0","0","0","0","0","0"
"185","","4","1","0","0","1","0","0","0","0"
"186","","8","0","1","0","2","0","0","0","0"
"187","","6","2","2","0","1","0","1","1","0"
"188","","8","3","0","0","0","0","1","0","0"
"189","","4","1","1","0","2","0","0","0","0"
"190","","8","4","0","0","0","0","0","0","1"
"191","","5","2","0","0","1","0","0","0","0"
"192","","5","2","1","0","1","0","0","0","0"
"193","","4","1","1","0","1","0","0","0","0"
"194","","4","2","0","0","0","0","1","0","0"
"195","","6","3","1","0","2","0","1","0","0"
"196","","6","2","2","0","0","0","1","0","0"
"197","","8","3","1","0","2","0","0","0","0"
"198","","3","0","0","0","1","0","0","0","0"
"199","","6","1","0","0","0","0","0","0","0"
"200","","3","0","0","0","0","0","0","0","0"
"201","","5","3","0","0","0","0","0","0","0"
"202","","5","1","3","0","0","0","0","0","0"
"203","","6","2","0","0","0","0","0","0","0"
"204","","3","1","0","0","0","0","0","0","0"
"205","","9","3","2","0","0","0","0","0","0"
"206","","9","2","0","0","1","0","0","0","0"
"207","","5","3","0","0","0","0","0","0","0"
"208","","3","0","0","0","0","0","0","0","0"
"209","","6","2","0","0","0","0","0","0","0"
"210","","4","0","0","0","1","0","0","0","0"
"211","","7","1","0","0","0","0","1","1","1"
"212","","6","2","0","0","0","0","0","0","0"
"213","","5","2","0","0","0","0","0","0","0"
"214","","8","1","0","0","0","0","0","0","0"
"215","","6","4","0","0","0","0","0","0","0"
"216","","10","2","0","0","0","0","0","0","0"
"217","","7","3","0","0","0","0","0","0","0"
"218","","5","2","1","0","1","0","1","1","0"
"219","","3","2","0","0","1","0","0","0","0"
"220","","7","2","1","0","1","0","0","0","0"
"221","","5","1","0","0","0","0","0","0","0"
"222","","8","2","0","0","1","0","0","0","0"
"223","","7","3","0","0","2","0","0","0","0"
"224","","6","2","0","0","1","0","0","0","0"
"225","","7","2","1","0","0","0","0","0","0"
"226","","7","4","1","0","1","0","0","0","0"
"227","","5","1","0","0","0","0","0","0","0"
"228","","6","2","1","0","0","0","0","0","0"
"229","","5","1","0","0","2","0","0","0","0"
"230","","5","2","1","0","1","0","0","1","1"
"231","","6","3","0","0","0","0","0","0","0"
"232","","3","1","0","0","0","0","1","0","0"
"233","","6","1","1","0","0","0","0","0","0"
"234","","7","3","1","0","0","0","0","0","0"
"235","","8","2","0","0","0","0","0","0","0"
"236","","3","1","1","0","1","0","0","0","0"
"237","","4","1","0","0","0","0","0","0","0"
"238","","5","0","0","0","0","0","0","0","0"
"239","","9","2","0","0","0","0","0","0","0"
"240","","4","1","0","0","0","0","0","0","0"
"241","","9","1","0","0","0","0","0","0","0"
"242","","9","2","0","0","0","0","1","0","0"
"243","","9","2","0","0","2","0","0","0","0"
"244","","5","1","1","0","2","1","0","0","0"
"245","","9","2","1","0","0","0","0","0","0"
"246","","7","3","1","0","0","0","1","0","0"
"247","","4","1","1","0","1","0","0","1","0"
"248","","7","2","1","0","3","0","0","0","0"
"249","","3","2","0","0","0","0","0","0","0"
"250","","9","3","0","0","0","0","0","0","0"
"251","","7","2","0","0","0","0","0","0","0"
"252","","4","2","0","0","0","0","0","0","1"
"253","","7","1","0","0","0","0","0","0","0"
"254","","6","1","2","0","1","0","0","0","0"
"255","","5","2","0","0","0","0","0","0","0"
"256","","5","1","2","0","1","0","0","0","0"
"257","","4","0","0","0","1","0","0","0","0"
"258","","4","2","0","0","0","0","1","0","0"
"259","","7","2","1","0","3","0","0","0","0"
"260","","4","2","0","0","0","0","0","0","0"
"261","","10","2","3","0","2","0","1","0","0"
"262","","7","2","2","0","1","0","0","0","0"
"263","","5","0","1","0","0","0","0","0","0"
"264","","8","4","0","0","0","0","1","0","0"
"265","","11","4","0","0","0","0","0","0","0"
"266","","7","4","0","0","1","0","1","0","0"
"267","","2","1","0","0","0","0","0","0","0"
"268","","8","3","0","0","1","0","0","0","0"
"269","","4","0","1","0","2","0","0","0","0"
"270","","9","2","0","0","2","0","0","0","0"
"271","","3","1","0","0","0","0","0","0","0"
"272","","4","2","0","0","0","0","0","0","0"
"273","","3","1","0","0","0","0","0","0","0"
"274","","3","1","0","0","0","1","0","0","0"
"275","","4","2","0","0","0","0","0","0","0"
"276","","7","2","0","0","0","0","0","0","0"
"277","","2","0","0","0","0","0","1","0","0"
"278","","8","2","0","0","0","0","0","0","0"
"279","","2","1","0","0","0","0","0","0","0"
"280","","5","1","0","0","0","0","0","0","0"
"281","","5","2","0","0","0","0","0","0","0"
"282","","3","1","0","0","0","0","0","0","0"
"283","","5","3","0","0","0","0","1","0","0"
"284","","2","0","0","0","0","0","0","0","0"
"285","","6","0","0","0","1","0","0","1","0"
"286","","9","2","0","0","0","0","0","0","0"
"287","","10","3","0","0","2","0","0","0","0"
"288","","5","0","0","0","0","0","0","1","1"
"289","","4","2","0","0","0","0","0","0","0"
"290","","4","2","0","0","0","0","0","0","0"
"291","","7","2","0","0","0","0","0","0","0"
"292","","8","2","0","0","1","0","0","1","0"
"293","","5","3","0","0","0","0","1","0","0"
"294","","5","2","1","0","0","0","0","0","0"
"295","","8","4","1","0","0","0","1","0","0"
"296","","8","3","3","0","0","0","1","0","0"
"297","","11","3","1","0","0","0","1","1","0"
"298","","6","2","0","0","0","0","0","0","0"
"299","","3","0","0","1","1","0","0","0","0"
"300","","8","1","0","0","0","0","0","0","0"
"301","","7","1","0","0","0","0","0","0","0"
"302","","4","1","0","0","0","0","0","1","0"
"303","","4","1","0","0","0","0","0","0","0"
"304","","8","1","1","0","0","0","0","0","0"
"305","","6","0","0","0","0","0","0","0","0"
"306","","5","2","0","0","0","0","0","0","0"
"307","","6","3","0","0","0","0","0","1","0"
"308","","9","1","0","0","0","0","0","0","0"
"309","","4","0","0","0","0","0","0","0","0"
"310","","6","0","0","0","0","0","0","1","0"
"311","","5","3","0","0","1","1","0","0","0"
"312","","4","2","0","0","1","0","0","0","0"
"313","","6","2","0","0","3","0","0","0","0"
"134","","6","2","0","0","0","0","0","0","0"
"315","","3","1","0","0","1","0","0","0","0"
"316","","5","2","0","0","0","0","0","0","0"
"317","","5","2","0","0","0","0","0","0","0"
"318","","6","1","0","0","0","0","0","0","0"
"319","","6","2","0","0","0","0","0","0","0"
"320","","6","1","0","0","0","0","0","0","0"
"321","","6","1","0","0","1","0","0","0","0"
"322","","9","1","0","0","0","0","0","0","0"
"323","","4","2","0","0","1","0","0","0","0"
"324","","6","2","0","0","1","0","0","0","0"
"325","","3","1","0","0","1","0","0","0","0"
"326","","7","2","0","0","0","0","0","0","0"
"327","","3","1","0","0","0","0","0","0","0"
"328","","7","0","0","0","1","0","0","0","0"
"329","","2","0","0","0","4","0","0","0","0"
"330","","6","2","0","0","2","0","0","0","0"
"331","","9","2","0","0","0","0","0","0","0"
"332","","3","2","0","0","0","0","0","0","0"
"333","","4","2","0","0","1","0","0","0","0"
"334","","5","1","0","0","0","0","0","0","0"
"335","","5","2","0","0","1","0","0","0","0"
"336","","2","0","0","0","1","0","0","0","0"
"337","","6","0","0","0","2","0","0","0","0"
"338","","9","3","0","0","0","0","0","0","0"
"339","","3","1","0","0","1","0","0","0","0"
"340","","2","1","0","0","1","0","0","0","0"
"341","","6","0","0","0","1","0","0","0","0"
"342","","6","1","0","0","1","0","0","0","0"
"343","","7","2","0","0","0","0","0","0","0"
"344","","7","1","0","0","2","0","0","0","0"
"345","","5","1","1","0","1","0","0","0","0"
"346","","6","2","0","0","1","0","1","0","0"
"347","","4","2","0","0","0","0","0","0","0"
"348","","9","2","2","0","2","1","0","0","0"
"349","","3","0","0","0","0","0","0","0","0"
"350","","7","2","0","0","1","0","0","0","0"
"351","","9","3","1","0","2","1","1","0","0"
"352","","5","2","0","0","0","0","0","0","0"
"353","","4","0","0","0","0","0","0","0","0"
"354","","8","3","0","0","1","0","0","0","0"
"355","","7","0","2","0","2","1","0","1","1"
"356","","12","3","2","0","2","0","0","0","0"
"357","","7","2","0","0","2","0","1","0","0"
"358","","10","3","1","0","0","0","1","0","0"
"359","","2","0","0","0","0","0","0","0","0"
"360","","4","1","0","0","0","0","0","0","0"
"361","","5","3","0","0","1","0","0","0","0"
"362","","9","3","2","0","0","0","0","1","1"
"363","","4","1","1","0","1","0","0","0","0"
"364","","6","3","1","0","0","0","0","0","0"
"365","","4","3","0","0","1","0","0","0","0"
"366","","6","1","0","0","1","0","0","0","0"
"367","","5","2","0","0","1","0","1","0","0"
"368","","6","2","1","0","1","0","0","0","0"
"369","","2","1","0","0","1","0","0","0","0"
"370","","5","3","0","0","0","0","1","0","0"
"371","","2","1","0","0","0","0","0","0","0"
"372","","5","1","2","0","1","0","0","0","0"
"373","","6","2","1","0","0","0","0","0","0"
"374","","6","0","1","0","1","0","0","0","0"
"375","","5","0","2","0","0","0","0","0","0"
"376","","3","1","0","0","1","0","0","0","0"
"377","","4","2","0","0","1","0","0","0","0"
"378","","6","0","0","0","1","0","0","0","0"
"379","","7","2","2","0","2","0","0","0","0"
"380","","7","2","1","0","1","0","0","0","0"
"381","","8","3","2","0","0","0","0","0","0"
"382","","4","2","0","0","1","0","0","0","0"
"383","","5","1","2","0","1","0","0","1","0"
"384","","4","1","0","0","0","0","0","0","0"
"385","","5","2","0","0","0","0","0","0","0"
"386","","4","1","0","0","0","0","0","0","0"
"387","","2","0","0","0","0","0","0","0","0"
"388","","4","2","0","0","1","0","1","0","0"
"389","","3","1","0","0","0","0","0","0","0"
"390","","3","0","0","0","0","0","0","0","0"
"391","","2","0","0","0","0","0","0","0","0"
"392","","5","2","0","0","0","0","0","0","0"
"393","","5","3","0","0","0","0","0","0","0"
"394","","4","2","0","0","4","1","1","0","0"
"395","","9","3","0","0","0","0","0","0","0"
"396","","2","0","0","0","0","0","0","0","0"
"397","","5","1","0","0","1","0","0","0","0"
"398","","7","2","0","0","0","0","0","0","0"
"399","","2","0","0","0","0","0","0","0","0"
"400","","4","1","0","0","0","0","0","0","0"
"401","","5","2","1","0","0","0","0","0","0"
"402","","12","1","0","0","0","0","0","0","0"
"403","","3","1","0","0","0","0","0","0","0"
"404","","7","2","0","0","0","0","0","1","1"
"405","","4","0","1","0","0","0","0","0","0"
"406","","6","2","0","0","1","0","0","0","0"
"407","","6","2","0","0","0","0","0","0","0"
"408","","7","1","0","0","2","0","0","0","0"
"409","","4","2","0","0","0","0","0","0","0"
"410","","5","1","1","0","0","0","0","0","0"
"411","","11","0","3","0","2","0","0","1","0"
"412","","4","1","0","0","0","0","0","0","0"
"413","","6","2","0","0","0","0","1","0","0"
"414","","4","2","0","0","0","0","0","0","0"
"415","","6","1","1","0","0","0","0","0","0"
"416","","6","1","0","0","0","0","0","0","0"
"417","","7","1","1","0","0","0","0","0","0"
"418","","3","1","0","0","0","0","0","0","0"
"419","","6","3","1","0","0","0","0","0","0"
"420","","10","3","1","0","0","0","0","0","0"
"421","","5","1","0","0","0","0","0","0","0"
"422","","6","2","0","0","0","0","0","0","0"
"423","","6","1","0","0","0","0","0","0","0"
"424","","4","1","0","0","1","0","0","0","0"
"425","","7","2","0","0","3","0","0","0","0"
"426","","9","1","0","0","1","0","0","0","0"
"427","","5","1","0","0","0","0","0","0","0"
"428","","3","1","0","0","0","0","0","0","0"
"429","","4","1","0","0","1","0","0","1","1"
"430","","7","2","1","0","1","0","0","0","0"
"431","","8","2","1","0","1","0","1","0","0"
"432","","7","2","0","0","1","0","1","0","0"
"433","","4","0","0","0","0","0","0","0","0"
"434","","4","1","0","0","0","0","0","0","0"
"435","","7","2","0","0","0","0","1","0","0"
"436","","6","1","0","0","0","0","0","0","0"
"437","","4","0","0","0","0","0","0","0","0"
"438","","7","2","0","0","0","0","0","0","0"
"439","","5","0","0","0","0","0","0","1","0"
"440","","3","1","0","0","0","0","0","0","0"
"441","","5","3","0","0","0","0","0","0","0"
"442","","8","1","0","0","0","0","0","0","0"
"443","","3","1","0","0","0","0","0","0","0"
"444","","5","2","0","0","0","0","0","0","0"
"445","","5","3","0","0","0","0","1","1","0"
"446","","4","1","0","0","0","0","0","0","0"
"447","","7","2","0","0","0","0","0","0","0"
"448","","6","1","0","0","0","0","0","0","0"
"449","","9","1","0","0","0","0","0","0","0"
"450","","3","1","0","0","0","0","0","0","0"
"451","","4","2","0","0","1","0","1","0","0"
"452","","1","0","0","0","0","0","0","0","0"
"453","","5","1","0","0","0","0","0","0","0"
"454","","10","2","2","0","1","0","0","0","0"
"455","","6","2","0","0","0","0","0","0","0"
"456","","4","2","0","0","0","0","0","0","0"
"457","","3","1","0","0","0","0","0","0","0"
"458","","3","1","0","0","0","0","0","0","0"
"459","","6","2","1","0","1","0","0","0","0"
"460","","4","2","0","0","0","0","0","0","0"
"461","","9","4","0","0","0","0","0","0","0"
"462","","6","3","0","0","0","0","0","0","0"
"463","","11","2","0","0","1","0","0","0","0"
"464","","4","2","0","0","0","0","0","0","0"
"465","","5","2","0","0","0","0","0","0","0"
"466","","4","2","0","0","1","0","0","1","0"
"467","","7","1","0","0","0","0","0","0","0"
"468","","5","2","0","0","0","0","0","0","0"
"469","","4","2","0","0","0","0","0","0","0"
"470","","6","3","0","0","0","0","0","0","0"
"471","","8","2","0","0","0","0","0","0","0"
"472","","6","2","0","0","0","0","0","1","0"
"473","","6","3","0","0","0","0","0","0","0"
"474","","4","2","0","0","0","0","0","0","0"
"475","","5","2","0","0","0","0","0","0","0"
"476","","6","1","0","0","0","0","0","0","0"
"477","","7","1","0","0","0","0","0","0","0"
"478","","8","3","0","0","0","0","0","0","0"
"479","","6","2","0","0","0","0","0","0","0"
"480","","8","1","0","0","0","0","0","0","0"
"481","","5","1","0","0","0","0","0","0","0"
"482","","4","1","0","0","0","0","0","0","0"
"483","","10","1","0","0","0","0","0","0","0"
"484","","3","1","0","0","0","0","0","0","0"
"485","","3","1","0","0","0","0","0","0","0"
"486","","3","1","0","0","0","0","0","0","0"
"487","","5","1","0","0","0","0","0","0","0"
"488","","8","2","0","0","0","0","0","0","0"
"489","","4","2","0","0","0","0","0","0","0"
"490","","9","1","0","0","0","0","0","0","0"
"491","","8","1","0","0","0","0","0","0","0"
"492","","8","2","0","0","0","0","0","0","0"
"493","","7","2","0","0","0","0","0","0","0"
"494","","5","2","0","0","0","0","0","0","0"
"495","","10","1","0","0","0","0","0","0","0"
"496","","8","1","1","0","0","0","0","0","0"
"497","","3","1","0","0","0","0","0","0","0"
"498","","5","2","0","0","0","0","1","0","0"
"499","","7","1","3","0","0","0","0","0","0"
"500","","2","0","0","0","1","0","0","0","0"
"501","","2","1","0","0","0","0","0","0","0"
"502","","9","4","0","0","0","0","1","0","0"
"503","","6","2","2","0","0","0","0","0","0"
"504","","5","1","0","0","2","0","0","0","0"
"505","","5","1","0","0","0","0","0","0","0"
"506","","7","2","0","0","0","0","1","0","0"
"507","","8","3","3","0","1","0","0","1","0"
"508","","5","2","1","0","2","0","0","0","0"
"509","","10","4","0","0","1","1","0","0","0"
"510","","12","2","2","0","1","2","1","0","0"
"511","","5","2","1","0","1","0","0","0","0"
"512","","5","0","0","0","0","0","0","0","0"
"513","","9","3","2","0","2","0","0","0","0"
"514","","7","0","0","0","2","0","0","1","0"
"515","","11","2","2","0","1","0","0","0","0"
"516","","6","2","2","0","1","0","0","0","0"
"517","","9","0","1","0","1","0","0","0","0"
"518","","4","2","0","0","0","0","0","0","0"
"519","","7","3","0","0","2","0","1","0","0"
"520","","8","1","2","0","1","0","0","1","0"
"521","","8","0","0","0","1","0","0","0","0"
"522","","4","2","0","0","0","0","0","0","0"
"523","","8","3","0","0","1","0","1","0","0"
"524","","9","3","1","0","3","0","0","0","0"
"525","","9","3","1","0","1","0","1","0","0"
"526","","8","2","0","0","1","0","0","0","0"
"527","","5","2","0","0","0","0","1","0","0"
"528","","7","3","0","0","0","0","0","0","0"
"529","","7","3","0","0","0","","1","0","0"
"530","","5","2","0","0","1","0","0","0","0"
"531","","4","0","0","0","0","0","0","0","0"
"532","","3","1","0","0","0","0","0","0","0"
"533","","5","2","0","0","0","0","0","0","0"
"534","","7","3","0","0","0","0","0","0","0"
"535","","3","1","0","0","0","0","0","0","0"
"536","","3","1","0","0","0","0","0","0","0"
"537","","6","0","0","0","0","0","0","0","0"
"538","","4","3","0","0","0","0","0","0","0"
"539","","7","3","0","0","0","0","0","0","0"
"540","","4","1","0","0","0","0","0","0","0"
"541","","5","3","0","0","0","0","0","0","0"
"542","","7","3","0","0","0","0","1","0","0"
"543","","4","2","0","0","0","0","2","0","0"
"544","","2","1","0","0","0","0","0","0","0"
"545","","6","2","0","0","0","0","0","0","0"
"546","","2","0","0","0","0","0","0","0","0"
"547","","4","2","0","0","0","0","0","0","0"
"548","","8","0","0","0","0","0","0","0","0"
"549","","8","3","0","0","0","0","0","0","0"
"550","","2","1","0","0","0","0","0","0","0"
"551","","6","0","0","0","0","0","0","0","0"
"552","","3","1","0","0","0","0","1","0","0"
"553","","5","3","0","0","0","0","0","0","0"
"554","","4","2","0","0","0","0","0","0","0"
"555","","3","1","0","0","0","0","0","0","0"
"556","","6","1","0","0","0","0","0","0","0"
"557","","3","1","0","0","0","0","0","0","0"
"558","","3","1","0","0","0","0","0","0","0"
"559","","7","0","0","0","0","0","0","0","0"
"560","","4","2","0","0","0","0","0","0","0"
"561","","4","2","0","0","0","0","0","0","0"
"562","","8","2","0","0","0","0","0","0","0"
"563","","4","0","0","0","2","0","0","1","0"
"564","","6","1","0","0","1","0","0","0","0"
"565","","5","2","0","0","0","0","0","0","0"
"566","","6","4","0","0","0","0","0","0","0"
"567","","5","0","0","0","0","0","0","0","0"
"568","","9","2","0","0","0","0","0","0","0"
"569","","8","1","0","0","0","0","0","0","0"
"570","","6","0","0","0","0","0","0","0","0"
"571","","5","3","0","0","0","0","1","0","0"
"572","","4","0","0","0","0","0","0","0","0"
"573","","4","2","0","0","0","0","0","0","0"
"574","","5","3","0","0","0","0","0","0","0"
"575","","4","2","0","0","0","0","0","0","0"
"576","","3","1","0","0","0","0","0","0","0"
"577","","3","1","0","0","0","0","0","0","0"
"578","","9","2","3","0","0","0","0","0","0"
"579","","6","0","0","0","1","0","0","0","0"
"580","","6","2","0","0","0","0","0","0","0"
"581","","5","1","0","0","2","0","0","0","0"
"582","","10","1","0","0","1","0","0","0","0"
"2","","9","2","1","0","1","0","0","0","0"
"584","","4","2","1","0","0","0","0","0","0"
"585","","6","0","0","0","1","0","0","0","0"
"586","","7","2","0","0","0","0","0","1","0"
"587","","6","1","0","0","0","0","0","0","0"
"588","","6","2","0","0","0","0","0","0","0"
"589","","8","2","0","0","1","0","1","0","0"
"590","","10","3","0","0","2","0","1","0","0"
"591","","5","2","1","0","2","0","0","0","0"
"592","","8","3","1","0","1","0","0","0","0"
"593","","6","2","0","0","1","0","1","0","0"
"594","","8","2","0","0","1","0","0","0","0"
"595","","4","1","0","0","0","0","0","0","0"
"596","","5","2","0","0","0","0","0","0","0"
"597","","6","2","1","0","2","1","0","0","0"
"598","","2","1","0","0","0","0","0","0","0"
"599","","2","1","0","0","0","0","0","0","0"
"600","","4","2","0","0","0","0","0","0","0"
"601","","5","3","0","0","0","0","0","0","0"
"602","","4","2","0","0","0","0","0","0","0"
"603","","5","2","0","0","0","0","0","0","0"
"604","","7","2","0","0","0","0","0","0","0"
"605","","4","2","0","0","0","0","0","0","0"
"606","","5","2","0","0","0","0","0","0","0"
"607","","3","1","0","0","0","0","0","0","0"
"608","","6","3","0","0","0","0","0","0","0"
"609","","6","3","0","0","0","0","0","0","0"
"610","","3","1","0","0","0","0","0","0","0"
"611","","8","2","0","0","0","0","0","0","0"
"612","","3","1","0","0","0","0","0","0","0"
"613","","5","2","0","0","1","0","0","0","0"
"614","","3","1","0","0","1","0","0","0","0"
"615","","8","1","0","0","0","0","0","0","0"
"616","","6","2","0","0","0","0","0","0","0"
"617","","6","2","0","0","1","1","0","0","0"
"618","","6","2","0","0","0","0","0","0","0"
"619","","4","2","0","0","0","0","0","0","0"
"620","","3","0","0","0","0","0","0","0","0"
"621","","4","2","0","0","0","0","0","0","0"
"622","","4","1","0","0","0","0","1","0","0"
"623","","8","4","0","0","0","0","1","0","0"
"624","","3","1","0","0","0","0","1","0","0"
"625","","6","2","0","0","0","0","0","0","0"
"626","","8","4","0","0","0","0","1","0","0"
"627","","7","2","0","0","0","0","0","0","0"
"628","","3","1","0","0","0","0","0","0","0"
"629","","6","2","0","0","0","0","0","0","0"
"630","","6","1","0","0","0","0","0","1","1"
"631","","9","3","0","0","0","0","1","0","0"
"632","","7","2","0","0","0","0","0","0","0"
"633","","4","2","0","0","0","0","0","0","0"
"634","","5","2","0","0","0","0","0","0","0"
"635","","3","1","0","0","0","0","0","0","0"
"636","","8","2","0","0","0","0","0","0","0"
"637","","5","1","0","0","0","0","0","0","0"
"638","","5","2","0","0","0","0","1","0","0"
"639","","7","3","0","0","0","0","0","0","0"
"640","","8","2","0","0","0","0","0","0","0"
"641","","5","2","0","0","0","0","0","0","0"
"642","","7","3","0","0","0","0","0","0","0"
"643","","4","2","0","0","0","0","0","0","0"
"644","","3","1","0","0","0","0","0","0","0"
"645","","4","1","0","0","0","0","0","0","0"
"646","","6","3","0","0","0","0","0","0","0"
"647","","7","3","0","0","0","0","0","0","0"
"648","","5","1","0","0","0","0","0","0","0"
"649","","3","1","0","0","0","0","0","0","0"
"650","","5","1","0","0","0","0","0","0","0"
"651","","5","2","0","0","0","0","0","0","0"
"652","","4","1","0","0","1","0","0","0","0"
"653","","5","2","0","0","1","0","0","0","0"
"654","","5","3","0","0","0","0","0","0","0"
"655","","3","1","0","0","0","0","0","0","0"
"656","","6","3","0","0","0","0","0","0","0"
"657","","4","1","0","0","0","0","0","1","0"
"658","","9","2","0","0","1","0","0","0","0"
"659","","10","2","0","0","1","0","0","0","0"
"660","","5","1","0","0","0","0","0","0","0"
"661","","6","3","0","0","0","0","0","0","0"
"662","","6","4","0","0","0","0","0","0","0"
"663","","4","2","0","0","0","0","0","0","0"
"664","","10","1","0","0","0","0","0","1","1"
"665","","5","2","","0","0","0","0","0","0"
"666","","3","1","0","0","0","0","0","0","0"
"667","","4","0","0","0","0","0","0","0","0"
"668","","3","1","0","0","0","0","0","0","0"
