SETTLEMENT,LHZ_CODE,DISTRICT,REGION,LHZ
aabaraka,16,Baydhaba,Bay,bay
aabdilleeenow,17,Wanla Weyn,Shabelle,rainfed
aadaliwiin,16,Buur Hakaba,Bay,bay
aaminey,16,Buur Hakaba,Bay,bay
aaminow,16,Baydhaba,Bay,bay
aaqoosh,16,Baydhaba,Bay,bay
aarag,16,Baydhaba,Bay,bay
aariyooda,17,Wanla Weyn,Shabelle Hoose,rainfed
aasho,16,Buur Hakaba,Bay,bay
aawdiinle,16,Baydhaba,Bay,bay
aawjika,16,Diinsoor,Bay,bay
aayaroy,16,Buur Hakaba,Bay,bay
abaarey,5,Gaalkacyo,Mudug,hawd
abaarso,3,Hargeysa,Woqooyi Galbeed,nw
abaasedhadheer,2,Borama,Awdal,west golis
abagbalow,16,Baydhaba,Bay,bay
abagguduud,16,Baydhaba,Bay,bay
abagle,16,Baydhaba,Bay,bay
abagsanhareeri,16,Baydhaba,Bay,bay
abagtag,16,Diinsoor,Bay,bay
abaqhaluul,16,Diinsoor,Bay,bay
abashiiq,17,Wanla Weyn,Shabelle Hoose,rainfed
abassegaagaab,2,Borama,Awdal,west golis
abdilealiyow,17,Wanla Weyn,Shabelle Hoose,rainfed
abdiyowarow,17,Wanla Weyn,Shabelle Hoose,rainfed
abduleisaq,17,Wanla Weyn,Shabelle Hoose,rainfed
abeeseemid,16,Baydhaba,Bay,bay
aboore,16,Baydhaba,Bay,bay
abooryoome,16,Buur Hakaba,Bay,bay
aboow,13,Luuq,Gedo,riverine
abrano,16,Baydhaba,Bay,bay
abtugay,16,Buur Hakaba,Bay,bay
abuqays,3,Borama,Awdal,nw
abuurow,16,Baydhaba,Bay,bay
abuurriin,3,Hargeysa,Woqooyi Galbeed,nw
adaanow,16,Buur Hakaba,Bay,bay
adanabokor,5,Hargeysa,Woqooyi Galbeed,hawd
adego,6,Qardho,Bari,nip
adenwaraabow,16,Baydhaba,Bay,bay
adeygaraar,16,Baydhaba,Bay,bay
adeyleyawmamo,17,Wanla Weyn,Shabelle Hoose,rainfed
adhicadeeye,6,LaasCaanood,Sool,nip
adiiki,16,Baydhaba,Bay,bay
adisoone,6,Qardho,Bari,nip
adoomow,16,Baydhaba,Bay,bay
adubleguure,16,Baydhaba,Bay,bay
afarirdood,16,Baydhaba,Bay,bay
afaryaaq,16,Baydhaba,Bay,bay
afaryag,16,Baydhaba,Bay,bay
afbarwaaqo,9,Hobyo,Mudug,addun
afineyn,5,Burco,Togdheer,hawd
afkalahaye,7,Caluula,Bari,east golis
aftugweyne,6,Eyl,Nugaal,nip
afurur,7,Laasqoray,Sanaag,east golis
afweyn,5,Gaalkacyo,Mudug,hawd
afwiini,16,Baydhaba,Bay,bay
agabar,2,Gebiley,Woqooyi Galbeed,west golis
agamsaha,3,Gebiley,Woqooyi Galbeed,nw
agamsahahoose,3,Gebiley,Woqooyi Galbeed,nw
agamsahasare,3,Gebiley,Woqooyi Galbeed,nw
agamso,3,Gebiley,Woqooyi Galbeed,nw
ajin,16,Buur Hakaba,Bay,bay
alaalacadka,2,Hargeysa,Woqooyi Galbeed,west golis
aleemi,16,Baydhaba,Bay,bay
alifoow,17,Afgooye,Shabelle Hoose,rainfed
aliheley,2,Borama,Awdal,west golis
aliyowabukar,16,Baydhaba,Bay,bay
aliyowdooyow,16,Buur Hakaba,Bay,bay
aliyowgeele,16,Buur Hakaba,Bay,bay
allaqabe,16,Baydhaba,Bay,bay
amadaliyow,17,Wanla Weyn,Shabelle Hoose,rainfed
amalka,16,Baydhaba,Bay,bay
amarka,16,Buur Hakaba,Bay,bay
ambul,16,Buur Hakaba,Bay,bay
aminey,16,Buur Hakaba,Bay,bay
annayo,3,Hargeysa,Woqooyi Galbeed,nw
anoloow,16,Baydhaba,Bay,bay
aqalsaar,14,Balcad,Shabelle Dhexe,riverine
araay,16,Buur Hakaba,Bay,bay
araymooy,14,Afgooye,Shabelle Hoose,riverine
arbowdoole,16,Buur Hakaba,Bay,bay
ardaa,6,Ceerigaabo,Sanaag,nip
aroorseel,2,Borama,Awdal,west golis
aroosow,13,Luuq,Gedo,riverine
aroostole,16,Buur Hakaba,Bay,bay
arrinmoog,14,Afgooye,Shabelle Hoose,riverine
arydabaalcaliyowmuumin,16,Baydhaba,Bay,bay
asaakaay,16,Buur Hakaba,Bay,bay
asakaay,16,Baydhaba,Bay,bay
asalinwiini,16,Buur Hakaba,Bay,bay
asalinyarey,16,Baydhaba,Bay,bay
ashagow,16,Baydhaba,Bay,bay
ashka,16,Buur Hakaba,Bay,bay
awbarkhadle,3,Hargeysa,Woqooyi Galbeed,nw
awbasoow,16,Buur Hakaba,Bay,bay
awbirikaanaliyoow,16,Buur Hakaba,Bay,bay
awburdow,14,Afgooye,Shabelle Hoose,riverine
awcusman,17,Wanla Weyn,Shabelle Hoose,rainfed
awdhhubow,16,Buur Hakaba,Bay,bay
awdhurow,16,Buur Hakaba,Bay,bay
aweesbuulobogod,16,Baydhaba,Bay,bay
awguduud,17,Wanla Weyn,Shabelle Hoose,rainfed
awli,16,Buur Hakaba,Bay,bay
awmaadow,16,Baydhaba,Bay,bay
awmudey,17,Wanla Weyn,Shabelle Hoose,rainfed
awooyoow,16,Buur Hakaba,Bay,bay
awraame,16,Buur Hakaba,Bay,bay
awshakoy,17,Wanla Weyn,Shabelle Hoose,rainfed
awsheikhissaq,16,Baydhaba,Bay,bay
awshiine,16,Baydhaba,Bay,bay
awsuurudow,16,Buur Hakaba,Bay,bay
awxasanmad,16,Baydhaba,Bay,bay
awyaale,16,Buur Hakaba,Bay,bay
awyaay,16,Buur Hakaba,Bay,bay
awyeroow,16,Buur Hakaba,Bay,bay
aydooye,16,Buur Hakaba,Bay,bay
ayingoodi,16,Baydhaba,Bay,bay
ayooley,16,Baydhaba,Bay,bay
ayroobely,16,Baydhaba,Bay,bay
ayroobey,16,Baydhaba,Bay,bay
baab,16,Baydhaba,Bay,bay
baadieddi,16,Baydhaba,Bay,bay
baagaygaduudi,16,Baydhaba,Bay,bay
baageyasharaaf,16,Baydhaba,Bay,bay
baahini,16,Baydhaba,Bay,bay
baalgure,14,Afgooye,Shabelle Hoose,riverine
baaltaag,5,Cabudwaaq,Galgaduud,hawd
baanlow,16,Baydhaba,Bay,bay
baanyali,16,Baydhaba,Bay,bay
baarcad,5,Owdweyne,Togdheer,hawd
baarey,16,Baydhaba,Bay,bay
baargaal,7,Iskushuban,Bari,east golis
baarmadoobeye,6,Taleex,Sool,nip
baaroweyne,14,Jowhar,Shabelle Dhexe,riverine
baarweyn,6,Eyl,Nugaal,nip
baasmale,16,Buur Hakaba,Bay,bay
baayaleshaden,16,Baydhaba,Bay,bay
bacaadweyn,5,Galdogob,Mudug,hawd
bacadley,14,Balcad,Shabelle Dhexe,riverine
bacadweyn,5,Eyl,Nugaal,hawd
bacoolaha,6,Ceerigaabo,Sanaag,nip
badanbed,2,Borama,Awdal,west golis
badhigalissatellite,6,Ceel Afweyn,Sanaag,nip
badwayn,6,Caynabo,Sool,nip
bahadhamal,5,Hargeysa,Woqooyi Galbeed,hawd
bahwaley,16,Baydhaba,Bay,bay
bajeelo,9,Hobyo,Mudug,addun
bakala,16,Baydhaba,Bay,bay
bakale,16,Baydhaba,Bay,bay
bakaleaden,16,Diinsoor,Bay,bay
bakaley,16,Baydhaba,Bay,bay
bakali,16,Baydhaba,Bay,bay
bakalka,16,Diinsoor,Bay,bay
bakalla,16,Baydhaba,Bay,bay
bakallaagow,16,Baydhaba,Bay,bay
bakalle,16,Baydhaba,Bay,bay
balanbaasha,16,Diinsoor,Bay,bay
balash,16,Baydhaba,Bay,bay
balaygolis,5,Hargeysa,Woqooyi Galbeed,hawd
balbaley,14,Afgooye,Shabelle Hoose,riverine
baldooska,17,Afgooye,Shabelle Hoose,rainfed
baleey,17,Wanla Weyn,Shabelle Hoose,rainfed
baley,6,Garoowe,Nugaal,nip
balibali,16,Baydhaba,Bay,bay
balibusle,6,Laasqoray,Sanaag,nip
balicabane,5,Hargeysa,Woqooyi Galbeed,hawd
balicabdule,5,Owdweyne,Togdheer,hawd
balicad,5,Dhuusamarreeb,Galgaduud,hawd
balicaraale,6,Caynabo,Sool,nip
baliciise,5,Hargeysa,Woqooyi Galbeed,hawd
balicilmi,5,Owdweyne,Togdheer,hawd
balidhidin,7,Qandala,Bari,east golis
balihadhac,5,Buuhoodle,Togdheer,hawd
balimataan,5,Hargeysa,Woqooyi Galbeed,hawd
balishillin,7,Iskushuban,Bari,east golis
balishire,5,Hargeysa,Woqooyi Galbeed,hawd
balisiciid,5,Hargeysa,Woqooyi Galbeed,hawd
balixdiiriye,5,Burco,Togdheer,hawd
ballaadhis,6,Caynabo,Sool,nip
balliabokor,5,Burco,Togdheer,hawd
ballibusle,9,Gaalkacyo,Mudug,addun
ballicaraale,5,Owdweyne,Togdheer,hawd
ballidandan,5,Buuhoodle,Togdheer,hawd
ballidhiig,5,Burco,Togdheer,hawd
ballidoog,7,Bossaso,Bari,east golis
balligacas,2,Hargeysa,Woqooyi Galbeed,west golis
balligubadle,5,Hargeysa,Woqooyi Galbeed,hawd
ballihiille,5,Burco,Togdheer,hawd
ballikaliil,5,Hargeysa,Woqooyi Galbeed,hawd
ballikhadar,7,Bossaso,Bari,east golis
ballow,14,Afgooye,Shabelle Hoose,riverine
ballowshuungay,16,Buur Hakaba,Bay,bay
balmaadi,16,Baydhaba,Bay,bay
balmada,16,Baydhaba,Bay,bay
balmadibashiir,16,Baydhaba,Bay,bay
balooleigar,7,Ceel Afweyn,Sanaag,east golis
balowka,16,Baydhaba,Bay,bay
balowwiini,16,Buur Hakaba,Bay,bay
balowyari,16,Buur Hakaba,Bay,bay
banaadir,16,Qansax Dheere,Bay,bay
banaankaboorow,17,Balcad,Shabelle Dhexe,rainfed
bananey,17,Balcad,Shabelle Dhexe,rainfed
bananow,17,Wanla Weyn,Shabelle Hoose,rainfed
banbara,16,Baydhaba,Bay,bay
banbesla,16,Buur Hakaba,Bay,bay
banburaale,16,Buur Hakaba,Bay,bay
banbusul,16,Baydhaba,Bay,bay
bandarsalaama,14,Balcad,Shabelle Dhexe,riverine
bandhumi,16,Diinsoor,Bay,bay
bandhuub,16,Diinsoor,Bay,bay
bandiidley,5,Gaalkacyo,Mudug,hawd
bandiiraaley,9,Hobyo,Mudug,addun
bandiiradleey,5,Cadaado,Galgaduud,hawd
bandub,16,Diinsoor,Bay,bay
bandunbuto,6,Eyl,Nugaal,nip
baneylaaw,17,Wanla Weyn,Shabelle Hoose,rainfed
bangeele,5,Cabudwaaq,Galgaduud,hawd
banmeegag,16,Baydhaba,Bay,bay
banmunduli,13,Luuq,Gedo,riverine
bansoole,16,Buur Hakaba,Bay,bay
bantaal,13,Doolow,Gedo,riverine
banyaal,5,Buuhoodle,Togdheer,hawd
banyal,16,Diinsoor,Bay,bay
banyalewiine,16,Buur Hakaba,Bay,bay
banyaleyarow,16,Buur Hakaba,Bay,bay
banyari,16,Buur Hakaba,Bay,bay
baqbaq,6,Bandarbeyla,Bari,nip
baqlojabis,7,Ceerigaabo,Sanaag,east golis
baraagahaqol,6,Ceerigaabo,Sanaag,nip
barabuule,16,Buur Hakaba,Bay,bay
barakaay,16,Baydhaba,Bay,bay
barakow,16,Diinsoor,Bay,bay
barariya,16,Buur Hakaba,Bay,bay
bararwiin,16,Baydhaba,Bay,bay
baraybaray,16,Baydhaba,Bay,bay
barbaarees,11,Luuq,Gedo,southern
bardheere,14,Balcad,Shabelle Dhexe,riverine
bardixaaxle,6,Caynabo,Sool,nip
bareeda,7,Caluula,Bari,east golis
barey,14,Jowhar,Shabelle Dhexe,riverine
biyocase,1,Baki,Awdal,guban
barisoole,16,Baydhaba,Bay,bay
barkadlewiin,16,Buur Hakaba,Bay,bay
barkatle,16,Baydhaba,Bay,bay
barkatleyarey,16,Buur Hakaba,Bay,bay
barked,16,Buur Hakaba,Bay,bay
barookhle,6,Qardho,Bari,nip
barxa,7,Caluula,Bari,east golis
baryoole,16,Buur Hakaba,Bay,bay
basmala,16,Buur Hakaba,Bay,bay
batey,16,Buur Hakaba,Bay,bay
cabdigeeddi,1,Baki,Awdal,guban
baxdo,9,Cadaado,Galgaduud,addun
bayaxow,14,Balcad,Shabelle Dhexe,riverine
bayra,5,Galdogob,Mudug,hawd
bebelow,16,Buur Hakaba,Bay,bay
bedanbedey,16,Baydhaba,Bay,bay
bedinbedey,16,Baydhaba,Bay,bay
beebeega,5,Hargeysa,Woqooyi Galbeed,hawd
beelwacatay,7,Iskushuban,Bari,east golis
beerdhagaxtur,5,Gaalkacyo,Mudug,hawd
beerguduud,16,Baydhaba,Bay,bay
beerweyso,6,Ceerigaabo,Sanaag,nip
cabdigeedi,1,Baki,Awdal,guban
hadayta,1,Baki,Awdal,guban
bekelshele,16,Baydhaba,Bay,bay
beldulaamiin,16,Diinsoor,Bay,bay
beledaamin,16,Diinsoor,Bay,bay
beledamin,16,Qansax Dheere,Bay,bay
benlowyare,16,Baydhaba,Bay,bay
berahnooy,16,Baydhaba,Bay,bay
berkedacalixirsi,6,Caynabo,Sool,nip
bertashegalka,14,Afgooye,Shabelle Hoose,riverine
biderey,16,Diinsoor,Bay,bay
biike,6,Iskushuban,Bari,nip
bilcijabe,5,Owdweyne,Togdheer,hawd
bilcil,7,Caluula,Bari,east golis
bilcille,11,Belet Xaawo,Gedo,southern
bilcilweyso,5,Burco,Togdheer,hawd
biliil,16,Baydhaba,Bay,bay
biljamka,17,Balcad,Shabelle Dhexe,rainfed
bioaddo,7,Caluula,Bari,east golis
birigay,16,Qansax Dheere,Bay,bay
bisigadde,16,Buur Hakaba,Bay,bay
bisiqa,5,Burco,Togdheer,hawd
bitaale,9,Hobyo,Mudug,addun
biyiguur,16,Baydhaba,Bay,bay
sabawanag,1,Baki,Awdal,guban
biyomacan,3,Gebiley,Woqooyi Galbeed,nw
biyooley,16,Buur Hakaba,Bay,bay
bocoroow,14,Afgooye,Shabelle Hoose,riverine
bodacad,6,Ceerigaabo,Sanaag,nip
bogdaadi,16,Buur Hakaba,Bay,bay
bogongooy,16,Baydhaba,Bay,bay
bohol,9,Gaalkacyo,Mudug,addun
boholey,16,Baydhaba,Bay,bay
bokow,16,Baydhaba,Bay,bay
bole,5,Dhuusamarreeb,Galgaduud,hawd
bolidida,3,Hargeysa,Woqooyi Galbeed,nw
bolowka,16,Baydhaba,Bay,bay
bontafuroy,16,Baydhaba,Bay,bay
booc,9,Jariiban,Mudug,addun
boocame,6,Laas Caanood,Sool,nip
booclay,2,Hargeysa,Woqooyi Galbeed,west golis
boodaal,14,Balcad,Shabelle Dhexe,riverine
boodhka,3,Gebiley,Woqooyi Galbeed,nw
boon,2,Borama,Awdal,west golis
boonkaay,16,Buur Hakaba,Bay,bay
boonkay,16,Baydhaba,Bay,bay
boonyare,16,Baydhaba,Bay,bay
boorboor,16,Qansax Dheere,Bay,bay
boore,13,Doolow,Gedo,riverine
boorweel,16,Baydhaba,Bay,bay
booso,5,Cabudwaaq,Galgaduud,hawd
bootis,16,Baydhaba,Bay,bay
bootiyey,16,Baydhaba,Bay,bay
boqoljire,3,Hargeysa,Woqooyi Galbeed,nw
boqor,3,Gebiley,Woqooyi Galbeed,nw
borama,16,Baydhaba,Bay,bay
botor,3,Gebiley,Woqooyi Galbeed,nw
bowka,16,Baydhaba,Bay,bay
bukaareber,16,Buur Hakaba,Bay,bay
bukur,16,Baydhaba,Bay,bay
bulaabul,16,Buur Hakaba,Bay,bay
bulacle,9,Dhuusamarreeb,Galgaduud,addun
bulaley,5,Gaalkacyo,Mudug,hawd
bulloaamon,16,Baydhaba,Bay,bay
bullobilanbarow,16,Baydhaba,Bay,bay
bullodhato,16,Baydhaba,Bay,bay
beeyodhaadheer,1,Berbera,Woqooyi Galbeed,guban
bulloxasanmad,16,Baydhaba,Bay,bay
buloabdille,16,Baydhaba,Bay,bay
buloadandhakadow,17,Afgooye,Shabelle Hoose,rainfed
buloadowmudey,17,Wanla Weyn,Shabelle Hoose,rainfed
buloahmedali,17,Afgooye,Shabelle Hoose,rainfed
buloahmedmursal,17,Wanla Weyn,Shabelle Hoose,rainfed
buloayanle,17,Wanla Weyn,Shabelle Hoose,rainfed
bulobisiq,16,Baydhaba,Bay,bay
bulomohededindhere,16,Buur Hakaba,Bay,bay
buloqataar,17,Wanla Weyn,Shabelle Hoose,rainfed
bulorerawwine,17,Wanla Weyn,Shabelle Hoose,rainfed
ceeldaraad,1,Berbera,Woqooyi Galbeed,guban
bululwiin,16,Buur Hakaba,Bay,bay
bululyare,16,Buur Hakaba,Bay,bay
buluoroobay,16,Baydhaba,Bay,bay
bunbeegey,16,Diinsoor,Bay,bay
buq,8,Eyl,Nugaal,deeh
buqdheer,6,Taleex,Sool,nip
buraaga,16,Buur Hakaba,Bay,bay
buraan,6,Laasqoray,Sanaag,nip
burcodhheer,14,Jowhar,Shabelle Dhexe,riverine
bureymanas,16,Diinsoor,Bay,bay
burgaab,16,Baydhaba,Bay,bay
burgood,16,Buur Hakaba,Bay,bay
burgun,16,Baydhaba,Bay,bay
buri,16,Baydhaba,Bay,bay
burowadal,6,Laas Caanood,Sool,nip
burrorin,16,Baydhaba,Bay,bay
bursaalax,5,Galdogob,Mudug,hawd
busatale,17,Balcad,Shabelle Dhexe,rainfed
busul,16,Baydhaba,Bay,bay
butiyaalo,7,Qandala,Bari,east golis
butujidasare,3,Gebiley,Woqooyi Galbeed,nw
buubi,9,Gaalkacyo,Mudug,addun
buukoh,16,Baydhaba,Bay,bay
buulegaraw,16,Baydhaba,Bay,bay
buuleisaaqnorow,16,Baydhaba,Bay,bay
buuleiskagonaween,16,Baydhaba,Bay,bay
buulesheik,16,Baydhaba,Bay,bay
buullejadiid,16,Baydhaba,Bay,bay
buullobajiino,14,Balcad,Shabelle Dhexe,riverine
buullomakiino,14,Jowhar,Shabelle Dhexe,riverine
buullomodow,17,Balcad,Shabelle Dhexe,rainfed
buuloaaran,16,Baydhaba,Bay,bay
buuloadanibdow,16,Qansax Dheere,Bay,bay
buuloadow,16,Baydhaba,Bay,bay
buuloaduunyo,16,Baydhaba,Bay,bay
buuloagoon,16,Buur Hakaba,Bay,bay
buuloamiin,16,Buur Hakaba,Bay,bay
buuloamino,16,Baydhaba,Bay,bay
buuloanjero,16,Baydhaba,Bay,bay
buuloawyusuf,16,Buur Hakaba,Bay,bay
buuloaxmed,14,Jowhar,Shabelle Dhexe,riverine
buulobacaad,16,Buur Hakaba,Bay,bay
buulobacaada,14,Jowhar,Shabelle Dhexe,riverine
buulobakaaro,16,Baydhaba,Bay,bay
buulobatuulo,16,Baydhaba,Bay,bay
buulobishaaro,14,Jowhar,Shabelle Dhexe,riverine
buulobisiq,16,Baydhaba,Bay,bay
buulobiyooley,16,Baydhaba,Bay,bay
buulobudkeey,16,Baydhaba,Bay,bay
buulocajuusi,16,Baydhaba,Bay,bay
buulocaliyowaden,16,Baydhaba,Bay,bay
buulocaliyowmadxasanow,16,Baydhaba,Bay,bay
buulodaahir,16,Baydhaba,Bay,bay
buulodaleel,16,Baydhaba,Bay,bay
buulodanni,16,Baydhaba,Bay,bay
buulodeerow,17,Balcad,Shabelle Dhexe,rainfed
buulodhatoo,16,Baydhaba,Bay,bay
buulodiigow,16,Baydhaba,Bay,bay
buuloduuf,16,Baydhaba,Bay,bay
buuloeebinkabey,16,Buur Hakaba,Bay,bay
buuloeeley,16,Diinsoor,Bay,bay
buuloemed,16,Baydhaba,Bay,bay
buulofarey,16,Baydhaba,Bay,bay
buulofiidow,16,Baydhaba,Bay,bay
buulofiin,16,Baydhaba,Bay,bay
buulofulaay,16,Baydhaba,Bay,bay
buulofuurxassanbuule,16,Baydhaba,Bay,bay
buulogaasey,16,Baydhaba,Bay,bay
buulogaduudedhunte,16,Baydhaba,Bay,bay
buulogafay,16,Baydhaba,Bay,bay
buulogalole,16,Baydhaba,Bay,bay
buulogalool,16,Buur Hakaba,Bay,bay
buulogalooshi,16,Buur Hakaba,Bay,bay
buulogardhale,16,Baydhaba,Bay,bay
buulogarow,16,Baydhaba,Bay,bay
buulogarri,16,Baydhaba,Bay,bay
buulogoldhow,16,Baydhaba,Bay,bay
buulogoloolle,16,Baydhaba,Bay,bay
buulogomar,16,Baydhaba,Bay,bay
buulogomor,16,Diinsoor,Bay,bay
buulogudoow,16,Baydhaba,Bay,bay
buulogumur,16,Baydhaba,Bay,bay
buulogurbo,16,Baydhaba,Bay,bay
buulohareer,16,Qansax Dheere,Bay,bay
buulohareriley,16,Baydhaba,Bay,bay
buulohassanowmad,16,Buur Hakaba,Bay,bay
buuloholla,16,Baydhaba,Bay,bay
buuloibdow,16,Baydhaba,Bay,bay
buuloideed,16,Baydhaba,Bay,bay
buuloiman,16,Buur Hakaba,Bay,bay
buuloiriroogwiine,16,Baydhaba,Bay,bay
buuloirka,16,Baydhaba,Bay,bay
buuloisaq,16,Baydhaba,Bay,bay
buuloismaciilmacallim,16,Baydhaba,Bay,bay
buulojadud,16,Baydhaba,Bay,bay
buulojaiid,16,Buur Hakaba,Bay,bay
buulojidowtugeereyarey,16,Baydhaba,Bay,bay
buulojinaay,16,Baydhaba,Bay,bay
buulojinni,16,Baydhaba,Bay,bay
buulokathil,16,Baydhaba,Bay,bay
buulokuunto,14,Balcad,Shabelle Dhexe,riverine
buulokuusey,16,Baydhaba,Bay,bay
buulokuusow,16,Baydhaba,Bay,bay
buulomaalineedin,16,Baydhaba,Bay,bay
buulomadbaadhil,16,Baydhaba,Bay,bay
buulomandero,16,Baydhaba,Bay,bay
buulomariin,16,Buur Hakaba,Bay,bay
buulomasaajid,16,Qansax Dheere,Bay,bay
buulomatiili,16,Baydhaba,Bay,bay
buulomoddi,16,Baydhaba,Bay,bay
buulomogaw,16,Baydhaba,Bay,bay
buulomoobleen,17,Jowhar,Shabelle Dhexe,rainfed
buulomundul,16,Qansax Dheere,Bay,bay
buulonuuney,16,Baydhaba,Bay,bay
buulooomane,16,Diinsoor,Bay,bay
buuloqadisuleyman,16,Baydhaba,Bay,bay
buuloqaran,16,Baydhaba,Bay,bay
buuloqidan,16,Baydhaba,Bay,bay
buuloqurin,16,Baydhaba,Bay,bay
buuloraaxo,14,Balcad,Shabelle Dhexe,riverine
buulorama,16,Baydhaba,Bay,bay
buuloramo,16,Baydhaba,Bay,bay
buuloraqi,14,Balcad,Shabelle Dhexe,riverine
buulorerawfoge,16,Buur Hakaba,Bay,bay
buulosalaama,16,Baydhaba,Bay,bay
buulosheekh,16,Qansax Dheere,Bay,bay
buulosheekhmadqaadi,16,Baydhaba,Bay,bay
buuloshiiq,5,Dhuusamarreeb,Galgaduud,hawd
buuloshiiqaalow,14,Jowhar,Shabelle Dhexe,riverine
buulosiidow,16,Baydhaba,Bay,bay
buulosinqi,16,Baydhaba,Bay,bay
buulosoofi,16,Baydhaba,Bay,bay
buulosugaw,16,Baydhaba,Bay,bay
buulotaakoy,16,Baydhaba,Bay,bay
buulotarniil,16,Baydhaba,Bay,bay
buulotigoow,16,Baydhaba,Bay,bay
buulotowsiile,16,Buur Hakaba,Bay,bay
buulotubako,16,Baydhaba,Bay,bay
buulotugeerey,16,Baydhaba,Bay,bay
buulotuweer,16,Baydhaba,Bay,bay
buuloubur,16,Baydhaba,Bay,bay
buuloumurow,16,Baydhaba,Bay,bay
buulouunsin,16,Baydhaba,Bay,bay
buulowaray,14,Jowhar,Shabelle Dhexe,riverine
buulowariiri,16,Diinsoor,Bay,bay
buulowarta,16,Baydhaba,Bay,bay
buuloxaansho,16,Baydhaba,Bay,bay
buuloxaawa,16,Baydhaba,Bay,bay
buuloxaawo,16,Baydhaba,Bay,bay
buuloxabiibo,16,Baydhaba,Bay,bay
buuloxaydar,16,Baydhaba,Bay,bay
buuloxuji,16,Baydhaba,Bay,bay
buuloxuseen,16,Baydhaba,Bay,bay
buuloxussenmadiiman,16,Baydhaba,Bay,bay
buuloyaroy,16,Baydhaba,Bay,bay
buuloyuusuf,16,Baydhaba,Bay,bay
buurane,14,Jowhar,Shabelle Dhexe,riverine
buurey,16,Baydhaba,Bay,bay
buureydeerow,16,Buur Hakaba,Bay,bay
buurfuule,14,Jowhar,Shabelle Dhexe,riverine
buurmidow,16,Buur Hakaba,Bay,bay
buurohadal,6,Laas Caanood,Sool,nip
buuroxamur,7,Caluula,Bari,east golis
caadda,2,Gebiley,Woqooyi Galbeed,westgolis
caanalskax,6,Taleex,Sool,nip
caanole,16,Baydhaba,Bay,bay
caanooley,17,Afgooye,Shabelle Hoose,rainfed
ceelsheekh,1,Berbera,Woqooyi Galbeed,guban
caashafarto,16,Baydhaba,Bay,bay
caashagaabo,16,Baydhaba,Bay,bay
caashe,16,Baydhaba,Bay,bay
caashogaabohubeereed,16,Baydhaba,Bay,bay
cabaale,5,Buuhoodle,Togdheer,hawd
cabaasa,2,Borama,Awdal,west golis
cabdallashaaban,16,Buur Hakaba,Bay,bay
cabdidheere,5,Owdweyne,Togdheer,hawd
cabdigaladi,14,Jowhar,Shabelle Dhexe,riverine
geeri,1,Berbera,Woqooyi Galbeed,guban
gumbuxo,1,Berbera,Woqooyi Galbeed,guban
cabdilqaaddir,2,Zeylac,Awdal,west golis
cabdisamad,3,Hargeysa,Woqooyi Galbeed,nw
cabdiureen,16,Buur Hakaba,Bay,bay
cabdulecadde,17,Balcad,Shabelle Dhexe,rainfed
cabullekudad,14,Balcad,Shabelle Dhexe,riverine
cadaadkulaale,6,Ceel Afweyn,Sanaag,nip
cadad,9,Dhuusamarreeb,Galgaduud,addun
cadagaboorow,17,Balcad,Shabelle Dhexe,rainfed
cadakibir,5,Cadaado,Galgaduud,hawd
cadaygabgabo,5,Gaalkacyo,Mudug,hawd
caddoowe,2,Zeylac,Awdal,west golis
cadeyga,17,Balcad,Shabelle Dhexe,rainfed
cadeykuudka,16,Buur Hakaba,Bay,bay
cadeyley,17,Afgooye,Shabelle Hoose,rainfed
cadilow,17,Jowhar,Shabelle Dhexe,rainfed
caduur,7,Ceerigaabo,Sanaag,east golis
cagaarow,16,Baydhaba,Bay,bay
cagadoon,5,Hargeysa,Woqooyi Galbeed,hawd
cagararan,5,Burco,Togdheer,hawd
calaacule,2,Sheikh,Togdheer,west golis
caliaadan,5,Hargeysa,Woqooyi Galbeed,hawd
calibaadi,16,Baydhaba,Bay,bay
calidheer,17,Jowhar,Shabelle Dhexe,rainfed
caliirib,16,Baydhaba,Bay,bay
calisaboy,16,Buur Hakaba,Bay,bay
caliwaraabey,17,Jowhar,Shabelle Dhexe,rainfed
caliyaalo,17,Balcad,Shabelle Dhexe,rainfed
caliyowcusman,16,Buur Hakaba,Bay,bay
caliyowmaadow,16,Buur Hakaba,Bay,bay
caliyowmarayle,16,Baydhaba,Bay,bay
caliyowmuumin,16,Baydhaba,Bay,bay
caliyowyuuqow,16,Buur Hakaba,Bay,bay
cambaarhoose,6,Qardho,Bari,nip
cammaan,6,Iskushuban,Bari,nip
cammuudculus,2,Zeylac,Awdal,west golis
camoud,6,Ceel Afweyn,Sanaag,nip
camuud,3,Borama,Awdal,nw
canjeel,7,Qandala,Bari,east golis
caracaso,5,Jariiban,Mudug,hawd
carawayne,2,Baki,Awdal,west golis
carbiska,17,Afgooye,Shabelle Hoose,rainfed
carfuuda,9,Gaalkacyo,Mudug,addun
carmale,6,Ceerigaabo,Sanaag,nip
hayle,1,Berbera,Woqooyi Galbeed,guban
caroweyne,2,Lughaye,Awdal,west golis
caroyanbo,3,Hargeysa,Woqooyi Galbeed,nw
carragaduud,16,Baydhaba,Bay,bay
carrobaydhay,3,Hargeysa,Woqooyi Galbeed,nw
carromadow,3,Hargeysa,Woqooyi Galbeed,nw
carto,6,Bossaso,Bari,nip
cashabirkan,16,Buur Hakaba,Bay,bay
caydarosh,3,Hargeysa,Woqooyi Galbeed,nw
cayngala,3,Gebiley,Woqooyi Galbeed,nw
ceegsaaf,6,Caynabo,Sool,nip
ceelabey,16,Qansax Dheere,Bay,bay
ceelbardaale,3,Gebiley,Woqooyi Galbeed,nw
ceelberde,5,Gaalkacyo,Mudug,hawd
ceelcade,6,Ceel Afweyn,Sanaag,nip
ceeldameer,11,Luuq,Gedo,southern
siyaara,1,Berbera,Woqooyi Galbeed,guban
ceeldhaab,6,Caynabo,Sool,nip
ceeldhidar,8,Bandarbeyla,Bari,deeh
ceeldhunadeegow,16,Baydhaba,Bay,bay
ceeldoofar,6,Bossaso,Bari,nip
ceelgoof,16,Baydhaba,Bay,bay
ceelguula,9,Hobyo,Mudug,addun
ceelileedsatellite,7,Ceerigaabo,Sanaag,east golis
ceelkacusub,17,Balcad,Shabelle Dhexe,rainfed
ceellaas,7,Caluula,Bari,east golis
ceellaqoday,6,Laasqoray,Sanaag,nip
ceellaqodaysatellite,7,Ceerigaabo,Sanaag,east golis
ceelmidgaan,6,Ceel Afweyn,Sanaag,nip
ceelmuudaan,5,Gaalkacyo,Mudug,hawd
ceelow,17,Balcad,Shabelle Dhexe,rainfed
ceelquud,7,Caluula,Bari,east golis
yos,1,Berbera,Woqooyi Galbeed,guban
ceelweyne,5,Burtinle,Nugaal,hawd
ceeryaansatellite,6,Ceel Afweyn,Sanaag,nip
celakhwan,9,Gaalkacyo,Mudug,addun
celi,2,Baki,Awdal,west golis
celxagar,9,Jariiban,Mudug,addun
cilaamo,7,Ceel Afweyn,Sanaag,east golis
cilaanley,17,Balcad,Shabelle Dhexe,rainfed
cilmijawle,5,Cabudwaaq,Galgaduud,hawd
cirshiidasatellite,7,Ceerigaabo,Sanaag,east golis
conqoro,7,Iskushuban,Bari,east golis
coomaay,7,Iskushuban,Bari,east golis
cunaqabad,3,Hargeysa,Woqooyi Galbeed,nw
cusboole,16,Baydhaba,Bay,bay
daaifo,14,Jowhar,Shabelle Dhexe,riverine
daaniya,16,Baydhaba,Bay,bay
daanjeri,16,Baydhaba,Bay,bay
daanweynesatellite,6,Ceel Afweyn,Sanaag,nip
daarta,16,Qansax Dheere,Bay,bay
dabadabay,16,Baydhaba,Bay,bay
dabagoroyaale,5,Owdweyne,Togdheer,hawd
dabahandabo,7,Caluula,Bari,east golis
dabare,5,Dhuusamarreeb,Galgaduud,hawd
dabataag,5,Laas Caanood,Sool,hawd
dabeyley,17,Jowhar,Shabelle Dhexe,rainfed
biyoguure,1,Berbera,Woqooyi Galbeed,guban
dacarta,16,Buur Hakaba,Bay,bay
dacawo,6,Ceerigaabo,Sanaag,nip
dadale,5,Dhuusamarreeb,Galgaduud,hawd
dadbaa,16,Buur Hakaba,Bay,bay
dagaari,9,Gaalkacyo,Mudug,addun
dagardhere,16,Buur Hakaba,Bay,bay
dakanne,16,Baydhaba,Bay,bay
dalaw,2,Berbera,Woqooyi Galbeed,west golis
dalsan,6,Ceerigaabo,Sanaag,nip
dalwayn,6,Qardho,Bari,nip
dalyar,6,Laas Caanood,Sool,nip
damal,17,Jowhar,Shabelle Dhexe,rainfed
damalaxagarre,6,Ceerigaabo,Sanaag,nip
damalexagare,6,Ceerigaabo,Sanaag,nip
damaley,14,Balcad,Shabelle Dhexe,riverine
damasha,14,Jowhar,Shabelle Dhexe,riverine
dambal,16,Baydhaba,Bay,bay
dambale,16,Baydhaba,Bay,bay
damballi,16,Baydhaba,Bay,bay
dameer,7,Bossaso,Bari,east golis
dameerow,14,Balcad,Shabelle Dhexe,riverine
damo,7,Caluula,Bari,east golis
dan,5,Laas Caanood,Sool,hawd
danaaley,16,Buur Hakaba,Bay,bay
danjere,16,Baydhaba,Bay,bay
darantaleex,6,Taleex,Sool,nip
dararweyne,6,Ceerigaabo,Sanaag,nip
darasalaam,2,Hargeysa,Woqooyi Galbeed,west golis
darasalam,5,Galdogob,Mudug,hawd
daray,7,Ceerigaabo,Sanaag,east golis
darayle,6,Garoowe,Nugaal,nip
darayquruxsan,2,Borama,Awdal,west golis
dare,6,Xudun,Sool,nip
darrow,16,Baydhaba,Bay,bay
daryageesawayn,6,Xudun,Sool,nip
daryalle,7,Ceel Afweyn,Sanaag,east golis
daudow,16,Baydhaba,Bay,bay
dawacaaley,6,Iskushuban,Bari,nip
daweeda,16,Buur Hakaba,Bay,bay
dayaano,5,Cadaado,Galgaduud,hawd
dayal,16,Baydhaba,Bay,bay
dayaxa,7,Ceerigaabo,Sanaag,east golis
debbis,2,Hargeysa,Woqooyi Galbeed,west golis
dedbanley,16,Baydhaba,Bay,bay
deebli,16,Baydhaba,Bay,bay
deebwiine,16,Diinsoor,Bay,bay
degaanley,14,Balcad,Shabelle Dhexe,riverine
deggomor,16,Diinsoor,Bay,bay
degjinay,16,Baydhaba,Bay,bay
dejimaale,9,Hobyo,Mudug,addun
dereersin,16,Baydhaba,Bay,bay
deymosaar,17,Balcad,Shabelle Dhexe,rainfed
deymosame,14,Balcad,Shabelle Dhexe,riverine
deynunaymainvillage,16,Baydhaba,Bay,bay
dhaankadus,7,Qandala,Bari,east golis
dhaaydheere,13,Luuq,Gedo,riverine
dhaaysigubidi,16,Buur Hakaba,Bay,bay
dhabad,5,Cabudwaaq,Galgaduud,hawd
dhabihagoog,2,Hargeysa,Woqooyi Galbeed,west golis
dhaboolaq,3,Hargeysa,Woqooyi Galbeed,nw
dhafaadfuurka,16,Buur Hakaba,Bay,bay
dhagala,3,Hargeysa,Woqooyi Galbeed,nw
dhagaxamadow,2,Borama,Awdal,west golis
dhagaxlaha,8,Eyl,Nugaal,deeh
dhagaxow,14,Balcad,Shabelle Dhexe,riverine
dhagaxwayne,2,Baki,Awdal,west golis
dhalbadane,16,Buur Hakaba,Bay,bay
dhalinraqas,8,Eyl,Nugaal,deeh
dhamaso,11,Belet Xaawo,Gedo,southern
dhamiijetiro,6,Bossaso,Bari,nip
dhammay,5,Buuhoodle,Togdheer,hawd
dhanaano,6,Caynabo,Sool,nip
dhanbalka,16,Baydhaba,Bay,bay
dhardhar,5,Gaalkacyo,Mudug,hawd
dhariinbaar,8,Bandarbeyla,Bari,deeh
dhariiqo,16,Baydhaba,Bay,bay
dhariqosheikhmadaliyow,16,Baydhaba,Bay,bay
dharoor,6,Iskushuban,Bari,nip
dharqa,16,Diinsoor,Bay,bay
dharyo,6,Ceerigaabo,Sanaag,nip
dhaxamo,7,Ceerigaabo,Sanaag,east golis
dhayaal,16,Baydhaba,Bay,bay
dhayba,16,Baydhaba,Bay,bay
dhaydhay,16,Baydhaba,Bay,bay
dhaygawaan,17,Jowhar,Shabelle Dhexe,rainfed
dhaymoole,2,Berbera,Woqooyi Galbeed,west golis
dheen,2,Baki,Awdal,west golis
dheenawebdialiyow,16,Buur Hakaba,Bay,bay
dheenawroobow,16,Buur Hakaba,Bay,bay
dheenta,2,Hargeysa,Woqooyi Galbeed,west golis
dheganle,5,Burtinle,Nugaal,hawd
dhegdheglolle,16,Baydhaba,Bay,bay
dhiganle,9,Eyl,Nugaal,addun
dhiigdar,16,Buur Hakaba,Bay,bay
dhimbilriyaale,3,Hargeysa,Woqooyi Galbeed,nw
dhinawdadhigdhigley,8,Jariiban,Mudug,deeh
dhinowda,8,Eyl,Nugaal,deeh
dhirey,16,Baydhaba,Bay,bay
dhirta,16,Baydhaba,Bay,bay
dhoob,6,Ceerigaabo,Sanaag,nip
dhoobacanutug,5,Eyl,Nugaal,hawd
dhoomale,16,Buur Hakaba,Bay,bay
dhubato,2,Hargeysa,Woqooyi Galbeed,west golis
dhubbay,16,Baydhaba,Bay,bay
dhubudka,16,Baydhaba,Bay,bay
dhujiilow,16,Baydhaba,Bay,bay
dhukuy,16,Baydhaba,Bay,bay
dhumey,16,Buur Hakaba,Bay,bay
dhummay,6,Taleex,Sool,nip
dhundhufay,16,Buur Hakaba,Bay,bay
dhursheele,16,Baydhaba,Bay,bay
dhursheenlow,16,Baydhaba,Bay,bay
dhuudo,6,Bandarbeyla,Bari,nip
dhuumoodle,5,Cabudwaaq,Galgaduud,hawd
dhuur,8,Bandarbeyla,Bari,deeh
dhuurmadare,6,Ceerigaabo,Sanaag,nip
dhuxun,2,Berbera,Woqooyi Galbeed,west golis
dibara,5,Cabudwaaq,Galgaduud,hawd
dibir,7,Caluula,Bari,east golis
dibqarax,6,Ceerigaabo,Sanaag,nip
dibshabeel,6,Xudun,Sool,nip
diinigoobaale,3,Hargeysa,Woqooyi Galbeed,nw
diinle,16,Baydhaba,Bay,bay
diinqal,3,Hargeysa,Woqooyi Galbeed,nw
dilla,3,Borama,Awdal,nw
diribquuy,16,Buur Hakaba,Bay,bay
dixgudban,2,Borama,Awdal,west golis
doboolow,16,Baydhaba,Bay,bay
docol,9,Gaalkacyo,Mudug,addun
docolay,5,Cadaado,Galgaduud,hawd
dogob,5,Burtinle,Nugaal,hawd
doodaale,16,Buur Hakaba,Bay,bay
doomariyo,8,Jariiban,Mudug,deeh
doonka,16,Baydhaba,Bay,bay
doonwarabi,16,Baydhaba,Bay,bay
doonyahasattellite,7,Ceerigaabo,Sanaag,east golis
dooraweri,16,Baydhaba,Bay,bay
dooxoguban,2,Hargeysa,Woqooyi Galbeed,west golis
dooyeshiidle,16,Buur Hakaba,Bay,bay
dooygaab,16,Buur Hakaba,Bay,bay
dooygodobey,16,Buur Hakaba,Bay,bay
dooyuruk,16,Buur Hakaba,Bay,bay
dowaay,16,Buur Hakaba,Bay,bay
doweelow,16,Baydhaba,Bay,bay
doyaleey,16,Buur Hakaba,Bay,bay
dubad,7,Ceerigaabo,Sanaag,east golis
dubigas,16,Baydhaba,Bay,bay
dudumiya,16,Buur Hakaba,Bay,bay
dugowdugow,16,Baydhaba,Bay,bay
dulanta,16,Qansax Dheere,Bay,bay
duluunka,16,Baydhaba,Bay,bay
duluunte,16,Baydhaba,Bay,bay
durdur,6,Ceerigaabo,Sanaag,nip
durdura,8,Bandarbeyla,Bari,deeh
durow,16,Baydhaba,Bay,bay
duruqsi,5,Burco,Togdheer,hawd
duudhooyo,6,Iskushuban,Bari,nip
duudweeyn,5,Owdweyne,Togdheer,hawd
duukaanki,16,Buur Hakaba,Bay,bay
duuraay,13,Luuq,Gedo,riverine
duurcad,5,Owdweyne,Togdheer,hawd
duurow,16,Baydhaba,Bay,bay
ebdiyoowgedow,16,Buur Hakaba,Bay,bay
eddowmaadow,16,Baydhaba,Bay,bay
edeybeerey,16,Baydhaba,Bay,bay
ediingaalbele,16,Baydhaba,Bay,bay
ediinlidoow,16,Buur Hakaba,Bay,bay
edinmadoobe,16,Baydhaba,Bay,bay
edow,16,Baydhaba,Bay,bay
eedinfaay,16,Baydhaba,Bay,bay
eedinmaamud,16,Qansax Dheere,Bay,bay
eedinwaraabow,16,Baydhaba,Bay,bay
eeedtaala,16,Baydhaba,Bay,bay
eeq,16,Baydhaba,Bay,bay
eesow,16,Qansax Dheere,Bay,bay
eeyta,16,Buur Hakaba,Bay,bay
elder,9,Dhuusamarreeb,Galgaduud,addun
eldhun,16,Baydhaba,Bay,bay
elgorei,9,Hobyo,Mudug,addun
enjegen,16,Baydhaba,Bay,bay
erimow,16,Buur Hakaba,Bay,bay
faajar,16,Baydhaba,Bay,bay
faajarbusul,16,Baydhaba,Bay,bay
faaraxgololey,14,Balcad,Shabelle Dhexe,riverine
fadac,2,Gebiley,Woqooyi Galbeed,west golis
fadhigaab,6,Ceel Afweyn,Sanaag,nip
fagoolo,7,Caluula,Bari,east golis
fahda,3,Hargeysa,Woqooyi Galbeed,nw
fajiitoole,16,Baydhaba,Bay,bay
faleeryale,6,Laas Caanood,Sool,nip
falfalax,8,Bandarbeyla,Bari,deeh
fanqalka,16,Baydhaba,Bay,bay
farale,16,Buur Hakaba,Bay,bay
faranfar,7,Caluula,Bari,east golis
faratiyow,16,Baydhaba,Bay,bay
faratoogo,5,Burtinle,Nugaal,hawd
farbaraako,14,Balcad,Shabelle Dhexe,riverine
farcaanood,7,Laasqoray,Sanaag,east golis
carowareen,1,Borama,Awdal,guban
farjano,5,Burtinle,Nugaal,hawd
farta,16,Buur Hakaba,Bay,bay
fidiqalale,14,Balcad,Shabelle Dhexe,riverine
fiidow,16,Baydhaba,Bay,bay
fiilka,16,Buur Hakaba,Bay,bay
fiinka,16,Buur Hakaba,Bay,bay
filfilka,16,Baydhaba,Bay,bay
finkafuuri,16,Baydhaba,Bay,bay
dabodilaac,1,Borama,Awdal,guban
fiqifuliye,6,Ceerigaabo,Sanaag,nip
fiqishini,6,Xudun,Sool,nip
foocaar,8,Iskushuban,Bari,deeh
foodakidiga,3,Gebiley,Woqooyi Galbeed,nw
foolfeyle,16,Baydhaba,Bay,bay
fulayka,16,Buur Hakaba,Bay,bay
fulayley,16,Buur Hakaba,Bay,bay
fundhucdule,8,Bandarbeyla,Bari,deeh
futug,16,Baydhaba,Bay,bay
fuuddoora,16,Buur Hakaba,Bay,bay
fuudsaqaar,16,Buur Hakaba,Bay,bay
gaabaney,17,Jowhar,Shabelle Dhexe,rainfed
gaabkuule,16,Buur Hakaba,Bay,bay
gaad,6,Ceel Afweyn,Sanaag,nip
gaalaood,8,Eyl,Nugaal,deeh
gaaldiid,16,Baydhaba,Bay,bay
gaalmidoowle,16,Baydhaba,Bay,bay
gaalweel,16,Baydhaba,Bay,bay
gaalyarow,16,Baydhaba,Bay,bay
gaanuugle,16,Baydhaba,Bay,bay
gaassagaare,16,Baydhaba,Bay,bay
gaatama,5,Burco,Togdheer,hawd
gaatiroodan,7,Qandala,Bari,east golis
gabac,8,Eyl,Nugaal,deeh
gabdhohaways,5,Buuhoodle,Togdheer,hawd
gacan,2,Hargeysa,Woqooyi Galbeed,west golis
gadhka,6,Caynabo,Sool,nip
gadhkayogolka,3,Hargeysa,Woqooyi Galbeed,nw
gadoon,5,Dhuusamarreeb,Galgaduud,hawd
gafay,14,Jowhar,Shabelle Dhexe,riverine
galamamacalinweyne,16,Baydhaba,Bay,bay
galbarwaaqosaxqurun,9,Cadaado,Galgaduud,addun
galboy,16,Buur Hakaba,Bay,bay
galdhuumood,5,Galdogob,Mudug,hawd
galeygaley,16,Baydhaba,Bay,bay
galgorum,9,Hobyo,Mudug,addun
galinsoor,5,Cadaado,Galgaduud,hawd
galloldheere,16,Buur Hakaba,Bay,bay
galmaygaag,5,Cabudwaaq,Galgaduud,hawd
galoltuuri,16,Buur Hakaba,Bay,bay
galoolalimow,16,Buur Hakaba,Bay,bay
galoolbure,16,Buur Hakaba,Bay,bay
galoolbuul,16,Buur Hakaba,Bay,bay
galooldheer,7,Ceerigaabo,Sanaag,east golis
galooldheere,16,Buur Hakaba,Bay,bay
galooldheereawuwow,16,Buur Hakaba,Bay,bay
galooleedinmahad,16,Buur Hakaba,Bay,bay
galoolle,16,Baydhaba,Bay,bay
galoolmadobe,5,Burco,Togdheer,hawd
galooloomani,16,Buur Hakaba,Bay,bay
galoolowwiin,16,Buur Hakaba,Bay,bay
galoolrumi,16,Baydhaba,Bay,bay
galooltuur,16,Buur Hakaba,Bay,bay
galooltuure,16,Buur Hakaba,Bay,bay
galoolyere,16,Buur Hakaba,Bay,bay
galooshi,16,Buur Hakaba,Bay,bay
galowamale,16,Buur Hakaba,Bay,bay
gambare,6,Laas Caanood,Sool,nip
fiqiaadan,1,Borama,Awdal,guban
garaagarow,16,Buur Hakaba,Bay,bay
garaash,14,Balcad,Shabelle Dhexe,riverine
garabad,6,Ceerigaabo,Sanaag,nip
garabhar,8,Eyl,Nugaal,deeh
garabis,3,Hargeysa,Woqooyi Galbeed,nw
garabkarid,7,Ceerigaabo,Sanaag,east golis
garangarasle,16,Baydhaba,Bay,bay
gararta,16,Qansax Dheere,Bay,bay
garasbarey,17,Wanla Weyn,Shabelle Hoose,rainfed
garasbintow,17,Balcad,Shabelle Dhexe,rainfed
garasbule,16,Buur Hakaba,Bay,bay
garasdheere,16,Baydhaba,Bay,bay
garasdhere,16,Baydhaba,Bay,bay
garasfur,16,Diinsoor,Bay,bay
garasgamaw,16,Baydhaba,Bay,bay
garasgod,16,Baydhaba,Bay,bay
garasgodmainvillage,16,Buur Hakaba,Bay,bay
garasgoof,16,Baydhaba,Bay,bay
garasmankey,16,Qansax Dheere,Bay,bay
garbadheere,2,Gebiley,Woqooyi Galbeed,west golis
garbodheere,2,Hargeysa,Woqooyi Galbeed,west golis
garbohaadley,3,Gebiley,Woqooyi Galbeed,nw
gardomaale,16,Buur Hakaba,Bay,bay
gareerixassanaden,16,Baydhaba,Bay,bay
garfiile,16,Baydhaba,Bay,bay
gargaar,2,Berbera,Woqooyi Galbeed,west golis
gargaarabari,2,Baki,Awdal,west golis
gargoore,7,Iskushuban,Bari,east golis
garhel,6,Qardho,Bari,nip
gariiri,16,Buur Hakaba,Bay,bay
garmaal,8,Bandarbeyla,Bari,deeh
garsalei,17,Wanla Weyn,Shabelle Hoose,rainfed
garsare,17,Wanla Weyn,Shabelle Hoose,rainfed
garuble,6,Ceel Afweyn,Sanaag,nip
gawti,16,Baydhaba,Bay,bay
gebagebaga,16,Buur Hakaba,Bay,bay
gebboyyerey,16,Baydhaba,Bay,bay
gebishaale,16,Buur Hakaba,Bay,bay
gebleyboqolka,16,Baydhaba,Bay,bay
geboooy,16,Baydhaba,Bay,bay
gediisoy,16,Buur Hakaba,Bay,bay
geedabeera,3,Hargeysa,Woqooyi Galbeed,nw
geedballaadh,3,Gebiley,Woqooyi Galbeed,nw
geedcaday,2,Berbera,Woqooyi Galbeed,west golis
geedcashar,14,Balcad,Shabelle Dhexe,riverine
geeddeeble,2,Hargeysa,Woqooyi Galbeed,west golis
geedilibaax,2,Hargeysa,Woqooyi Galbeed,west golis
geedlibaax,2,Sheikh,Togdheer,west golis
geedobarkaan,14,Jowhar,Shabelle Dhexe,riverine
geedweynesectin,13,Doolow,Gedo,riverine
geeldidis,5,Owdweyne,Togdheer,hawd
geelkagoojis,2,Zeylac,Awdal,west golis
geelwayta,7,Ceerigaabo,Sanaag,east golis
geelweyta,7,Ceerigaabo,Sanaag,east golis
beeyomacaan,1,Lughaye,Awdal,guban
geesaley,7,Caluula,Bari,east golis
geesoqabad,7,Bossaso,Bari,east golis
geldda,16,Baydhaba,Bay,bay
geldheere,16,Baydhaba,Bay,bay
gelelowyarey,16,Buur Hakaba,Bay,bay
gelgeliwiin,16,Buur Hakaba,Bay,bay
gelgelow,16,Baydhaba,Bay,bay
gidhays,5,Cadaado,Galgaduud,hawd
gillabrugis,9,Hobyo,Mudug,addun
gobdheer,3,Hargeysa,Woqooyi Galbeed,nw
gobrou,7,Caluula,Bari,east golis
gocandhaley,5,Owdweyne,Togdheer,hawd
gocondhaale,5,Buuhoodle,Togdheer,hawd
godamadera,5,Owdweyne,Togdheer,hawd
godbalayskutumay,9,Eyl,Nugaal,addun
godcaanood,6,Ceel Afweyn,Sanaag,nip
goddheer,6,Xudun,Sool,nip
godheeli,7,Ceel Afweyn,Sanaag,east golis
godinlabe,5,Dhuusamarreeb,Galgaduud,hawd
godkaawiidow,16,Buur Hakaba,Bay,bay
godkacarada,3,Gebiley,Woqooyi Galbeed,nw
godobaddon,9,Eyl,Nugaal,addun
godoble,6,Xudun,Sool,nip
godwaraabe,6,Ceerigaabo,Sanaag,nip
gogaysahoose,3,Gebiley,Woqooyi Galbeed,nw
gogaysaupper,3,Gebiley,Woqooyi Galbeed,nw
gogeysa,3,Gebiley,Woqooyi Galbeed,nw
gogolis,16,Buur Hakaba,Bay,bay
goleywiine,16,Buur Hakaba,Bay,bay
goleyyarey,16,Buur Hakaba,Bay,bay
golgolwanaag,3,Hargeysa,Woqooyi Galbeed,nw
golli,16,Baydhaba,Bay,bay
golmalable,16,Baydhaba,Bay,bay
gololey,14,Balcad,Shabelle Dhexe,riverine
goloolle,16,Baydhaba,Bay,bay
golooloomane,16,Buur Hakaba,Bay,bay
golweyn,16,Baydhaba,Bay,bay
gomarta,16,Baydhaba,Bay,bay
gomorey,16,Buur Hakaba,Bay,bay
gomorshe,16,Buur Hakaba,Bay,bay
gondoli,7,Iskushuban,Bari,east golis
goob,7,Ceerigaabo,Sanaag,east golis
goobiya,7,Caluula,Bari,east golis
goobroon,16,Baydhaba,Bay,bay
goobweyne,16,Baydhaba,Bay,bay
goodalow,16,Baydhaba,Bay,bay
goof,16,Buur Hakaba,Bay,bay
goofaddi,16,Baydhaba,Bay,bay
goofcadey,16,Baydhaba,Bay,bay
goofdhuubow,16,Baydhaba,Bay,bay
goofgaduudshabelow,16,Baydhaba,Bay,bay
goofgalool,16,Baydhaba,Bay,bay
goofka,16,Baydhaba,Bay,bay
goofmaaday,16,Baydhaba,Bay,bay
goofmareereweyn,16,Baydhaba,Bay,bay
goofmareeryerey,16,Baydhaba,Bay,bay
goofo,11,Doolow,Gedo,southern
goofyarow,16,Baydhaba,Bay,bay
goomaale,16,Baydhaba,Bay,bay
gooraan,6,Ceerigaabo,Sanaag,nip
goorisine,16,Baydhaba,Bay,bay
gooybir,16,Buur Hakaba,Bay,bay
gorgoray,2,Borama,Awdal,west golis
gorofley,6,Xudun,Sool,nip
goroyocawl,3,Borama,Awdal,nw
goroyoood,5,Burco,Togdheer,hawd
gosaweyne,11,Belet Xaawo,Gedo,southern
gowan,16,Buur Hakaba,Bay,bay
gowlalo,5,Gaalkacyo,Mudug,hawd
gubato,7,Bossaso,Bari,east golis
gubi,16,Baydhaba,Bay,bay
gubti,16,Buur Hakaba,Bay,bay
gubudi,16,Baydhaba,Bay,bay
gubudsagaar,16,Baydhaba,Bay,bay
gudado,5,Owdweyne,Togdheer,hawd
gudmahadlesatellite,7,Ceerigaabo,Sanaag,east golis
gudmoafaafsatellite,7,Ceerigaabo,Sanaag,east golis
gudmobiyocas,7,Ceel Afweyn,Sanaag,east golis
gudweyn,16,Buur Hakaba,Bay,bay
gumar,5,Hargeysa,Woqooyi Galbeed,hawd
gumarey,14,Jowhar,Shabelle Dhexe,riverine
gumartashiidkuus,16,Qansax Dheere,Bay,bay
gumbah,7,Iskushuban,Bari,east golis
gumbax,8,Iskushuban,Bari,deeh
gumbiyi,16,Buur Hakaba,Bay,bay
gumburaha,5,Hargeysa,Woqooyi Galbeed,hawd
bulloqoxle,1,Lughaye,Awdal,guban
gurbaan,16,Diinsoor,Bay,bay
guriasamo,7,Qandala,Bari,east golis
guricad,3,Gebiley,Woqooyi Galbeed,nw
gurur,7,Qandala,Bari,east golis
guryasan,7,Ceel Afweyn,Sanaag,east golis
guudcad,6,Qardho,Bari,nip
guuliti,16,Baydhaba,Bay,bay
guulmawaydo,3,Gebiley,Woqooyi Galbeed,nw
guulmaweydo,3,Gebiley,Woqooyi Galbeed,nw
guumays,6,Caynabo,Sool,nip
guumbe,14,Jowhar,Shabelle Dhexe,riverine
guunse,16,Baydhaba,Bay,bay
haadfuul,13,Doolow,Gedo,riverine
haaf,16,Buur Hakaba,Bay,bay
haakow,17,Wanla Weyn,Shabelle Hoose,rainfed
haanoy,13,Luuq,Gedo,riverine
haanta,16,Baydhaba,Bay,bay
haarlokormari,16,Baydhaba,Bay,bay
habaas,2,Zeylac,Awdal,west golis
habaasweyn,3,Hargeysa,Woqooyi Galbeed,nw
habardooy,16,Baydhaba,Bay,bay
habargari,16,Buur Hakaba,Bay,bay
habariheshay,5,Caynabo,Sool,hawd
habarshiro,6,Laasqoray,Sanaag,nip
habarwanood,16,Baydhaba,Bay,bay
habarway,17,Afgooye,Shabelle Hoose,rainfed
habaswayn,5,Owdweyne,Togdheer,hawd
habedow,16,Buur Hakaba,Bay,bay
hablifurey,16,Baydhaba,Bay,bay
habriirow,16,Baydhaba,Bay,bay
hadaaftimo,7,Ceerigaabo,Sanaag,east golis
buloxareed,1,Lughaye,Awdal,guban
hadhley,2,Gebiley,Woqooyi Galbeed,west golis
fardalaguxidh,1,Lughaye,Awdal,guban
hadla,6,Ceel Afweyn,Sanaag,nip
hagaray,16,Buur Hakaba,Bay,bay
hagarey,16,Qansax Dheere,Bay,bay
hagoogane,2,Borama,Awdal,west golis
hahi,5,Owdweyne,Togdheer,hawd
hahsuga,6,Taleex,Sool,nip
haidirir,5,Burco,Togdheer,hawd
haldhaagan,7,Ceerigaabo,Sanaag,east golis
halgan,14,Balcad,Shabelle Dhexe,riverine
halhaliye,6,Laas Caanood,Sool,nip
haliimow,17,Wanla Weyn,Shabelle Hoose,rainfed
haluul,16,Baydhaba,Bay,bay
handa,8,Iskushuban,Bari,deeh
hanfarow,16,Buur Hakaba,Bay,bay
hangey,6,Xudun,Sool,nip
harada,5,Burco,Togdheer,hawd
haradagubatoxil,5,Burco,Togdheer,hawd
harargamow,16,Buur Hakaba,Bay,bay
hararki,16,Buur Hakaba,Bay,bay
hareed,7,Ceerigaabo,Sanaag,east golis
hareegoli,16,Buur Hakaba,Bay,bay
hareerijiroon,16,Qansax Dheere,Bay,bay
hareeriley,14,Balcad,Shabelle Dhexe,riverine
hareeriwajeer,16,Buur Hakaba,Bay,bay
harerekulan,17,Balcad,Shabelle Dhexe,rainfed
harericaadle,17,Balcad,Shabelle Dhexe,rainfed
harerifalaq,16,Qansax Dheere,Bay,bay
harerihosle,11,Belet Xaawo,Gedo,southern
harerimadoobe,17,Balcad,Shabelle Dhexe,rainfed
hariirdheere,16,Baydhaba,Bay,bay
hariirka,16,Baydhaba,Bay,bay
harosheikh,5,Owdweyne,Togdheer,hawd
hartiqaanle,16,Baydhaba,Bay,bay
hasli,16,Baydhaba,Bay,bay
hassanowaliyere,17,Wanla Weyn,Shabelle Hoose,rainfed
haween,16,Baydhaba,Bay,bay
hayaado,16,Baydhaba,Bay,bay
hayanle,5,Burtinle,Nugaal,hawd
hayayabe,3,Borama,Awdal,nw
haylaan,6,Laasqoray,Sanaag,nip
garaaca,1,Lughaye,Awdal,guban
hebedow,16,Baydhaba,Bay,bay
heema,5,Gaalkacyo,Mudug,hawd
hadhwanaag,1,Lughaye,Awdal,guban
karuure,1,Lughaye,Awdal,guban
laancawaale,1,Lughaye,Awdal,guban
henqeri,16,Baydhaba,Bay,bay
hereemede,16,Diinsoor,Bay,bay
hereerasin,16,Diinsoor,Bay,bay
higloceelcowsle,6,Taleex,Sool,nip
higlofiqi,6,Laas Caanood,Sool,nip
hiilweyne,14,Balcad,Shabelle Dhexe,riverine
hilmo,5,Cadaado,Galgaduud,hawd
hilowkey,16,Buur Hakaba,Bay,bay
hilowkeywiin,16,Buur Hakaba,Bay,bay
hindhaysa,3,Borama,Awdal,nw
hinshiloole,16,Baydhaba,Bay,bay
hobiyoow,16,Baydhaba,Bay,bay
hondoliyow,16,Buur Hakaba,Bay,bay
hoodoyreerawmalinebd,16,Buur Hakaba,Bay,bay
hoosingaabo,7,Iskushuban,Bari,east golis
hoosow,16,Buur Hakaba,Bay,bay
horgobay,16,Baydhaba,Bay,bay
horgoylow,16,Baydhaba,Bay,bay
horgoyta,16,Qansax Dheere,Bay,bay
huburka,16,Baydhaba,Bay,bay
huddigamaas,16,Baydhaba,Bay,bay
huddisa,2,Sheikh,Togdheer,west golis
hulcanood,6,Bandarbeyla,Bari,nip
hulqaboobe,2,Sheikh,Togdheer,west golis
huluul,6,Ceel Afweyn,Sanaag,nip
huluuq,3,Gebiley,Woqooyi Galbeed,nw
hundegaal,7,Ceerigaabo,Sanaag,east golis
hurdiya,8,Iskushuban,Bari,deeh
hursale,7,Caluula,Bari,east golis
huurshe,5,Cabudwaaq,Galgaduud,hawd
huyunley,14,Balcad,Shabelle Dhexe,riverine
ibdowkuusow,16,Diinsoor,Bay,bay
ibrahimmeere,16,Baydhaba,Bay,bay
ibrahimyarowburow,16,Baydhaba,Bay,bay
idaada,16,Buur Hakaba,Bay,bay
idadkoble,16,Diinsoor,Bay,bay
idale,16,Baydhaba,Bay,bay
idedlow,16,Baydhaba,Bay,bay
ideedgeri,16,Baydhaba,Bay,bay
ideedley,16,Baydhaba,Bay,bay
idhankadeeryahan,3,Gebiley,Woqooyi Galbeed,nw
idhankajufadi,3,Gebiley,Woqooyi Galbeed,nw
igeysi,16,Buur Hakaba,Bay,bay
iidawadow,16,Buur Hakaba,Bay,bay
iidlowabow,16,Baydhaba,Bay,bay
iidoole,5,Cadaado,Galgaduud,hawd
iidowliibaan,17,Afgooye,Shabelle Hoose,rainfed
iilile,16,Baydhaba,Bay,bay
iinkuuri,16,Baydhaba,Bay,bay
ijaara,3,Gebiley,Woqooyi Galbeed,nw
ijaarahose,3,Gebiley,Woqooyi Galbeed,nw
ijiwaaji,3,Gebiley,Woqooyi Galbeed,nw
ikireyawsubow,16,Buur Hakaba,Bay,bay
ikiroylaafta,16,Buur Hakaba,Bay,bay
iladadubgaxsatellite,6,Ceel Afweyn,Sanaag,nip
ilbeete,16,Diinsoor,Bay,bay
ilfoocshe,8,Jariiban,Mudug,deeh
ilintagalbeed,2,Hargeysa,Woqooyi Galbeed,west golis
ilkaweyne,3,Gebiley,Woqooyi Galbeed,nw
illad,7,Ceel Afweyn,Sanaag,east golis
illig,8,Eyl,Nugaal,deeh
illinta,3,Gebiley,Woqooyi Galbeed,nw
illintabari,2,Hargeysa,Woqooyi Galbeed,west golis
illintadhexe,2,Hargeysa,Woqooyi Galbeed,west golis
ilmadedo,3,Gebiley,Woqooyi Galbeed,nw
inabulshaale,6,Ceerigaabo,Sanaag,nip
inaguuxaa,5,Hargeysa,Woqooyi Galbeed,hawd
inahigire,5,Hargeysa,Woqooyi Galbeed,hawd
inahindise,5,Hargeysa,Woqooyi Galbeed,hawd
indhocad,14,Balcad,Shabelle Dhexe,riverine
iridashiikhcali,17,Balcad,Shabelle Dhexe,rainfed
irintayarey,16,Baydhaba,Bay,bay
irintiweyn,16,Baydhaba,Bay,bay
iriroogyarey,16,Baydhaba,Bay,bay
iriwerka,16,Baydhaba,Bay,bay
iriwerki,16,Baydhaba,Bay,bay
irridda,11,Belet Xaawo,Gedo,southern
irtoole,16,Baydhaba,Bay,bay
irwer,16,Baydhaba,Bay,bay
isduugdi,16,Baydhaba,Bay,bay
isgowrac,5,Gaalkacyo,Mudug,hawd
isguulata,16,Baydhaba,Bay,bay
iskaashiti,16,Buur Hakaba,Bay,bay
iskoriis,16,Baydhaba,Bay,bay
iskorosaar,6,Iskushuban,Bari,nip
islawareeg,16,Baydhaba,Bay,bay
isneeb,16,Buur Hakaba,Bay,bay
jaamacliibaan,5,Burco,Togdheer,hawd
jabriil,16,Baydhaba,Bay,bay
jafaay,16,Diinsoor,Bay,bay
jalam,5,Burtinle,Nugaal,hawd
jaleelo,2,Hargeysa,Woqooyi Galbeed,west golis
jamaaca,16,Diinsoor,Bay,bay
jamaqamar,5,Burco,Togdheer,hawd
jameecaadka,5,Burco,Togdheer,hawd
jameecofurid,16,Baydhaba,Bay,bay
jameecomisro,17,Balcad,Shabelle Dhexe,rainfed
jameecomubaarak,17,Balcad,Shabelle Dhexe,rainfed
jarahorato,3,Borama,Awdal,nw
jeda,17,Balcad,Shabelle Dhexe,rainfed
jedad,6,Qardho,Bari,nip
jeedaal,6,Qardho,Bari,nip
jeelow,16,Baydhaba,Bay,bay
jeenyolaaye,5,Owdweyne,Togdheer,hawd
jibagalle,5,Burtinle,Nugaal,hawd
jidhigabiley,3,Gebiley,Woqooyi Galbeed,nw
jifle,8,Eyl,Nugaal,deeh
jiidali,7,Ceerigaabo,Sanaag,east golis
jiifdhere,16,Baydhaba,Bay,bay
jiilaale,14,Balcad,Shabelle Dhexe,riverine
jiingada,5,Burtinle,Nugaal,hawd
jiingadda,6,Bossaso,Bari,nip
jiirogurey,16,Baydhaba,Bay,bay
jiiromadsheeg,16,Baydhaba,Bay,bay
jirjir,3,Borama,Awdal,nw
jirow,16,Baydhaba,Bay,bay
jowharsoomaali,14,Jowhar,Shabelle Dhexe,riverine
jufa,3,Gebiley,Woqooyi Galbeed,nw
jufogaliiley,3,Borama,Awdal,nw
juqda,16,Qansax Dheere,Bay,bay
jurow,16,Qansax Dheere,Bay,bay
juurile,6,Bossaso,Bari,nip
kaabadaqunyardaga,5,Hargeysa,Woqooyi Galbeed,hawd
kaamcumar,5,Hargeysa,Woqooyi Galbeed,hawd
kaaysiney,16,Baydhaba,Bay,bay
kabaalwaq,8,Eyl,Nugaal,deeh
kabal,8,Bandarbeyla,Bari,deeh
kabarka,16,Baydhaba,Bay,bay
kabdaydale,14,Jowhar,Shabelle Dhexe,riverine
kadigadhanan,3,Gebiley,Woqooyi Galbeed,nw
kafangooy,16,Baydhaba,Bay,bay
kaladhac,6,Laasqoray,Sanaag,nip
kalajeex,6,Laas Caanood,Sool,nip
kalatooxan,17,Balcad,Shabelle Dhexe,rainfed
kalax,6,Laas Caanood,Sool,nip
kalbarre,2,Sheikh,Togdheer,west golis
kalboocasatellite,6,Ceel Afweyn,Sanaag,nip
kalcad,6,Taleex,Sool,nip
kaldhadhaab,2,Sheikh,Togdheer,west golis
kalgaraf,6,Ceerigaabo,Sanaag,nip
kalis,6,Garoowe,Nugaal,nip
kalmac,7,Ceel Afweyn,Sanaag,east golis
kalmacsare,7,Ceerigaabo,Sanaag,east golis
kalmasso,6,Iskushuban,Bari,nip
kalqorey,2,Hargeysa,Woqooyi Galbeed,west golis
kalqudhun,5,Burco,Togdheer,hawd
kalsheekh,6,Ceel Afweyn,Sanaag,nip
kalundi,14,Jowhar,Shabelle Dhexe,riverine
kamtuug,5,Hargeysa,Woqooyi Galbeed,hawd
kanaafi,16,Baydhaba,Bay,bay
kananax,16,Diinsoor,Bay,bay
karantiil,13,Luuq,Gedo,riverine
karduush,8,Iskushuban,Bari,deeh
karinbiyood,6,Ceel Afweyn,Sanaag,nip
karindabayl,5,Laas Caanood,Sool,hawd
karingorfood,5,Laas Caanood,Sool,hawd
karinlabi,5,Hargeysa,Woqooyi Galbeed,hawd
karkarka,16,Baydhaba,Bay,bay
xajiinle,1,Lughaye,Awdal,guban
kashiiddi,16,Baydhaba,Bay,bay
kashiidoow,16,Baydhaba,Bay,bay
kaxandho,9,Cadaado,Galgaduud,addun
kaxarey,14,Jowhar,Shabelle Dhexe,riverine
kaxarow,14,Jowhar,Shabelle Dhexe,riverine
kayaxa,7,Qandala,Bari,east golis
kayow,16,Baydhaba,Bay,bay
kayuugey,16,Baydhaba,Bay,bay
keerowdiiga,16,Buur Hakaba,Bay,bay
kerowmalaaq,16,Baydhaba,Bay,bay
khalafow,17,Jowhar,Shabelle Dhexe,rainfed
kheyraxerta,6,Taleex,Sool,nip
khuuriley,5,Jariiban,Mudug,hawd
kidhikooy,16,Baydhaba,Bay,bay
kidigadhanaan,3,Gebiley,Woqooyi Galbeed,nw
kidikoy,16,Baydhaba,Bay,bay
kiinje,16,Baydhaba,Bay,bay
kisurooy,16,Baydhaba,Bay,bay
kisurun,16,Buur Hakaba,Bay,bay
kiyaana,16,Buur Hakaba,Bay,bay
kobaqabta,16,Buur Hakaba,Bay,bay
kobdhexaad,6,Bossaso,Bari,nip
kobedooy,16,Baydhaba,Bay,bay
kobigoodi,16,Baydhaba,Bay,bay
kobonkawkaw,16,Baydhaba,Bay,bay
kolowsha,16,Baydhaba,Bay,bay
komboye,6,Taleex,Sool,nip
koongo,14,Balcad,Shabelle Dhexe,riverine
koorow,16,Baydhaba,Bay,bay
korjin,3,Gebiley,Woqooyi Galbeed,nw
korman,16,Baydhaba,Bay,bay
koronbood,16,Diinsoor,Bay,bay
korowrooge,16,Baydhaba,Bay,bay
korowshiida,16,Buur Hakaba,Bay,bay
koroy,16,Buur Hakaba,Bay,bay
korunbod,16,Qansax Dheere,Bay,bay
kubo,6,Taleex,Sool,nip
kudkoble,16,Baydhaba,Bay,bay
kulaal,6,Ceerigaabo,Sanaag,nip
kulan,16,Baydhaba,Bay,bay
kulanweyne,17,Balcad,Shabelle Dhexe,rainfed
kulmisweyne,14,Jowhar,Shabelle Dhexe,riverine
kulub,8,Jariiban,Mudug,deeh
kulule,8,Bandarbeyla,Bari,deeh
kulunka,16,Baydhaba,Bay,bay
kunyaqorow,16,Buur Hakaba,Bay,bay
kunyi,16,Buur Hakaba,Bay,bay
kunyoo,16,Buur Hakaba,Bay,bay
kunyorooble,16,Buur Hakaba,Bay,bay
kurkuri,16,Baydhaba,Bay,bay
kurshaale,14,Balcad,Shabelle Dhexe,riverine
kurteeley,16,Buur Hakaba,Bay,bay
kurto,16,Baydhaba,Bay,bay
kurtumaale,16,Baydhaba,Bay,bay
kurxuntaaroor,5,Hargeysa,Woqooyi Galbeed,hawd
kuujiwaraabay,16,Baydhaba,Bay,bay
kuullaw,16,Baydhaba,Bay,bay
kuulmacalin,16,Buur Hakaba,Bay,bay
kuunya,16,Buur Hakaba,Bay,bay
kuunyi,16,Baydhaba,Bay,bay
kuunyidheefle,16,Buur Hakaba,Bay,bay
kuunyoburow,16,Buur Hakaba,Bay,bay
kuunyoharubow,16,Buur Hakaba,Bay,bay
kuunyomegentole,16,Baydhaba,Bay,bay
kuunyoomin,16,Baydhaba,Bay,bay
kuurowawriko,16,Buur Hakaba,Bay,bay
kuushifad,16,Baydhaba,Bay,bay
laabaas,6,Taleex,Sool,nip
laaca,3,Gebiley,Woqooyi Galbeed,nw
laacdheere,6,Garoowe,Nugaal,nip
laag,7,Bossaso,Bari,east golis
laagmaraa,3,Borama,Awdal,nw
laako,7,Laasqoray,Sanaag,east golis
laalays,3,Hargeysa,Woqooyi Galbeed,nw
laambuul,16,Buur Hakaba,Bay,bay
laamiye,8,Iskushuban,Bari,deeh
laanbuule,16,Baydhaba,Bay,bay
xoogfaras,1,Lughaye,Awdal,guban
laangaras,16,Baydhaba,Bay,bay
laanle,5,Cabudwaaq,Galgaduud,hawd
laanqiciyesatellite,7,Ceerigaabo,Sanaag,east golis
xoore,1,Lughaye,Awdal,guban
laantaqaloocan,3,Hargeysa,Woqooyi Galbeed,nw
laantigaraska,16,Baydhaba,Bay,bay
laasdhuure,2,Berbera,Woqooyi Galbeed,west golis
laasdoomaare,6,Ceel Afweyn,Sanaag,nip
laasmagugle,6,Laas Caanood,Sool,nip
laasoceelberdaale,6,Laas Caanood,Sool,nip
laasocudan,6,Xudun,Sool,nip
laasodaar,5,Buuhoodle,Togdheer,hawd
laasodawaco,2,Berbera,Woqooyi Galbeed,west golis
laasqoray,7,Laasqoray,Sanaag,east golis
laasxadhaadh,3,Gebiley,Woqooyi Galbeed,nw
laasxig,2,Berbera,Woqooyi Galbeed,west golis
laasxuluys,7,Laasqoray,Sanaag,east golis
laayo,3,Gebiley,Woqooyi Galbeed,nw
labaatanjirow,16,Baydhaba,Bay,bay
labeey,16,Buur Hakaba,Bay,bay
labisaab,16,Qansax Dheere,Bay,bay
ladega,8,Eyl,Nugaal,deeh
lafagaale,17,Afgooye,Shabelle Hoose,rainfed
lafaruug,2,Berbera,Woqooyi Galbeed,west golis
lafawayne,6,Xudun,Sool,nip
laftaboqorka,3,Gebiley,Woqooyi Galbeed,nw
laftafarawayne,3,Hargeysa,Woqooyi Galbeed,nw
laftatiinka,3,Gebiley,Woqooyi Galbeed,nw
lafweyne,6,Xudun,Sool,nip
lamaqasaley,16,Diinsoor,Bay,bay
lamawaab,14,Jowhar,Shabelle Dhexe,riverine
lamowarood,16,Diinsoor,Bay,bay
laqlaajis,5,Burtinle,Nugaal,hawd
laquraqsay,5,Cadaado,Galgaduud,hawd
lasacardin,6,Xudun,Sool,nip
lasmihin,7,Laasqoray,Sanaag,east golis
lasodawaco,6,Bossaso,Bari,nip
lasxadow,5,Cabudwaaq,Galgaduud,hawd
lawiilay,16,Baydhaba,Bay,bay
lawiiley,16,Buur Hakaba,Bay,bay
xussein,1,Lughaye,Awdal,guban
lebbiguun,5,Burco,Togdheer,hawd
leberare,5,Burco,Togdheer,hawd
lebiga,14,Jowhar,Shabelle Dhexe,riverine
lebilamaane,9,Jariiban,Mudug,addun
leego,16,Buur Hakaba,Bay,bay
lees,16,Buur Hakaba,Bay,bay
leheley,16,Diinsoor,Bay,bay
libaaxo,5,Burtinle,Nugaal,hawd
libaaxxar,6,Qardho,Bari,nip
libow,6,Qardho,Bari,nip
ligsoy,16,Baydhaba,Bay,bay
liimaale,16,Buur Hakaba,Bay,bay
likooley,11,Belet Xaawo,Gedo,southern
liqaan,6,Qardho,Bari,nip
loleys,11,Belet Xaawo,Gedo,southern
loojar,16,Baydhaba,Bay,bay
lookaaroor,3,Gebiley,Woqooyi Galbeed,nw
lowibuul,16,Baydhaba,Bay,bay
lowigerjeele,16,Baydhaba,Bay,bay
lowiiqa,16,Buur Hakaba,Bay,bay
lufa,16,Buur Hakaba,Bay,bay
lughabar,16,Buur Hakaba,Bay,bay
maadanleedi,16,Baydhaba,Bay,bay
maadhyaal,3,Hargeysa,Woqooyi Galbeed,nw
maadinlay,16,Baydhaba,Bay,bay
maagey,14,Balcad,Shabelle Dhexe,riverine
maakayyeele,16,Buur Hakaba,Bay,bay
maalama,16,Buur Hakaba,Bay,bay
maalimfooge,16,Buur Hakaba,Bay,bay
maalimiinta,16,Diinsoor,Bay,bay
maalindheere,16,Diinsoor,Bay,bay
maalinmad,16,Baydhaba,Bay,bay
maaranka,16,Baydhaba,Bay,bay
maarankawiin,16,Baydhaba,Bay,bay
maaxsatellite,7,Ceerigaabo,Sanaag,east golis
maaykofuuri,16,Buur Hakaba,Bay,bay
macalinabshir,16,Baydhaba,Bay,bay
macruuf,16,Buur Hakaba,Bay,bay
madahool,16,Baydhaba,Bay,bay
madarmoge,7,Ceerigaabo,Sanaag,east golis
madarmugle,7,Ceerigaabo,Sanaag,east golis
mademed,16,Buur Hakaba,Bay,bay
madhawey,16,Buur Hakaba,Bay,bay
madheera,2,Hargeysa,Woqooyi Galbeed,west golis
madhoweey,13,Luuq,Gedo,riverine
madieriin,16,Baydhaba,Bay,bay
madiini,16,Baydhaba,Bay,bay
madisagaari,16,Baydhaba,Bay,bay
madlooyin,9,Jariiban,Mudug,addun
madmacalin,16,Baydhaba,Bay,bay
madooy,16,Baydhaba,Bay,bay
madowbuure,16,Buur Hakaba,Bay,bay
madoweey,16,Buur Hakaba,Bay,bay
madshantaay,16,Buur Hakaba,Bay,bay
madsharif,16,Diinsoor,Bay,bay
magaalaqalooc,3,Borama,Awdal,nw
magaalocad,3,Borama,Awdal,nw
magaalokuul,3,Hargeysa,Woqooyi Galbeed,nw
magaalonuura,3,Hargeysa,Woqooyi Galbeed,nw
magaaloxaali,3,Hargeysa,Woqooyi Galbeed,nw
magaaloxayd,3,Gebiley,Woqooyi Galbeed,nw
magaaloxoosh,3,Hargeysa,Woqooyi Galbeed,nw
magadley,14,Jowhar,Shabelle Dhexe,riverine
maguurta,16,Baydhaba,Bay,bay
maguurtobaalgure,17,Afgooye,Shabelle Hoose,rainfed
majiidi,16,Baydhaba,Bay,bay
makaada,16,Baydhaba,Bay,bay
makaadi,16,Buur Hakaba,Bay,bay
makaran,16,Baydhaba,Bay,bay
makaxidainanta,3,Hargeysa,Woqooyi Galbeed,nw
makayeddi,16,Buur Hakaba,Bay,bay
makiinaymogow,16,Baydhaba,Bay,bay
makiiney,16,Baydhaba,Bay,bay
makuudo,16,Baydhaba,Bay,bay
malalaaylle,16,Baydhaba,Bay,bay
malawley,3,Hargeysa,Woqooyi Galbeed,nw
malincusman,16,Buur Hakaba,Bay,bay
malindheere,16,Diinsoor,Bay,bay
maluugta,2,Hargeysa,Woqooyi Galbeed,west golis
mandheere,14,Balcad,Shabelle Dhexe,riverine
mansur,16,Buur Hakaba,Bay,bay
mansuur,14,Jowhar,Shabelle Dhexe,riverine
maqaaxidainantabari,2,Hargeysa,Woqooyi Galbeed,west golis
maqarcarays,14,Balcad,Shabelle Dhexe,riverine
maqdas,14,Balcad,Shabelle Dhexe,riverine
maraaga,3,Hargeysa,Woqooyi Galbeed,nw
marawade,7,Ceerigaabo,Sanaag,east golis
mareegaley,2,Baki,Awdal,west golis
mareegi,16,Baydhaba,Bay,bay
mareer,9,Jariiban,Mudug,addun
mareerbugley,16,Baydhaba,Bay,bay
mareerguur,5,Dhuusamarreeb,Galgaduud,hawd
mariadow,16,Buur Hakaba,Bay,bay
markaa,16,Buur Hakaba,Bay,bay
marmardoole,16,Baydhaba,Bay,bay
maroodile,17,Jowhar,Shabelle Dhexe,rainfed
marsamage,9,Cadaado,Galgaduud,addun
marsheed,7,Qandala,Bari,east golis
maryamkeynaan,17,Jowhar,Shabelle Dhexe,rainfed
masagan,7,Ceerigaabo,Sanaag,east golis
mashruuca,6,Caynabo,Sool,nip
maskoofuuri,16,Buur Hakaba,Bay,bay
masle,6,Ceel Afweyn,Sanaag,nip
masusoow,16,Buur Hakaba,Bay,bay
masuubiye,16,Baydhaba,Bay,bay
matan,3,Gebiley,Woqooyi Galbeed,nw
matuutow,16,Baydhaba,Bay,bay
maxamedaxmed,5,Hargeysa,Woqooyi Galbeed,hawd
maxamedugaas,5,Burco,Togdheer,hawd
maydh,7,Ceerigaabo,Sanaag,east golis
mayfuurey,16,Buur Hakaba,Bay,bay
maygaag,7,Qandala,Bari,east golis
maygaagta,3,Hargeysa,Woqooyi Galbeed,nw
mayoongaale,14,Jowhar,Shabelle Dhexe,riverine
mayqonsati,16,Baydhaba,Bay,bay
meeraysane,5,Burtinle,Nugaal,hawd
meheey,16,Buur Hakaba,Bay,bay
meleglow,16,Baydhaba,Bay,bay
meygaag,6,Qardho,Bari,nip
midhasi,7,Ceerigaabo,Sanaag,east golis
midhishi,7,Ceerigaabo,Sanaag,east golis
midigale,7,Laasqoray,Sanaag,east golis
midow,16,Baydhaba,Bay,bay
midowaari,16,Buur Hakaba,Bay,bay
miguurti,16,Baydhaba,Bay,bay
miidey,16,Baydhaba,Bay,bay
miiri,16,Baydhaba,Bay,bay
miiskaroon,16,Buur Hakaba,Bay,bay
milleel,16,Baydhaba,Bay,bay
mindhig,16,Baydhaba,Bay,bay
mindigle,6,Laasqoray,Sanaag,nip
mindiiledumi,16,Baydhaba,Bay,bay
minokuroon,16,Buur Hakaba,Bay,bay
mintaanka,16,Baydhaba,Bay,bay
mintaanmayow,16,Qansax Dheere,Bay,bay
mintani,16,Baydhaba,Bay,bay
mintanoyarey,16,Baydhaba,Bay,bay
miradhuubow,13,Luuq,Gedo,riverine
mirig,5,Dhuusamarreeb,Galgaduud,hawd
mirjicle,5,Cabudwaaq,Galgaduud,hawd
miroaruundo,14,Balcad,Shabelle Dhexe,riverine
misaari,16,Buur Hakaba,Bay,bay
misgaale,16,Baydhaba,Bay,bay
mishaani,16,Buur Hakaba,Bay,bay
miskiroon,16,Buur Hakaba,Bay,bay
miskoron,16,Buur Hakaba,Bay,bay
misnagata,16,Buur Hakaba,Bay,bay
mitaanti,16,Buur Hakaba,Bay,bay
modooda,16,Baydhaba,Bay,bay
mogdiile,16,Baydhaba,Bay,bay
mooda,6,Ceel Afweyn,Sanaag,nip
moodamooda,16,Baydhaba,Bay,bay
moogaay,16,Diinsoor,Bay,bay
moonay,16,Buur Hakaba,Bay,bay
moorajiido,17,Jowhar,Shabelle Dhexe,rainfed
mooriboor,16,Buur Hakaba,Bay,bay
moorifaari,16,Diinsoor,Bay,bay
moorigawaan,16,Buur Hakaba,Bay,bay
moorisagaari,16,Buur Hakaba,Bay,bay
moorobuus,16,Baydhaba,Bay,bay
moqdor,16,Buur Hakaba,Bay,bay
moqor,7,Iskushuban,Bari,east golis
morafara,16,Buur Hakaba,Bay,bay
morogolole,16,Buur Hakaba,Bay,bay
moroiidow,14,Jowhar,Shabelle Dhexe,riverine
moroogow,16,Buur Hakaba,Bay,bay
morothiley,16,Buur Hakaba,Bay,bay
moyaale,14,Balcad,Shabelle Dhexe,riverine
moyka,14,Jowhar,Shabelle Dhexe,riverine
mukidheere,14,Balcad,Shabelle Dhexe,riverine
muktar,16,Diinsoor,Bay,bay
mukudheere,14,Balcad,Shabelle Dhexe,riverine
munyow,16,Buur Hakaba,Bay,bay
murcanyo,7,Caluula,Bari,east golis
mureec,5,Owdweyne,Togdheer,hawd
muriale,14,Balcad,Shabelle Dhexe,riverine
murmurka,16,Baydhaba,Bay,bay
mursalborow,16,Baydhaba,Bay,bay
mushka,16,Diinsoor,Bay,bay
mushxaleed,7,Laasqoray,Sanaag,east golis
muudiye,7,Iskushuban,Bari,east golis
muuryaale,14,Balcad,Shabelle Dhexe,riverine
muusaqudaar,5,Buuhoodle,Togdheer,hawd
nibkisaar,16,Baydhaba,Bay,bay
nurowyarow,16,Baydhaba,Bay,bay
nusbiile,16,Buur Hakaba,Bay,bay
nuukaay,14,Jowhar,Shabelle Dhexe,riverine
nuurodawaa,2,Zeylac,Awdal,west golis
oalaanqale,5,Gaalkacyo,Mudug,hawd
oboycaasha,16,Baydhaba,Bay,bay
obsiiye,5,Owdweyne,Togdheer,hawd
geerisa,1,Lughaye,Awdal,guban
olda,16,Baydhaba,Bay,bay
olol,5,Cabudwaaq,Galgaduud,hawd
oobaale,14,Jowhar,Shabelle Dhexe,riverine
oodaale,5,Cabudwaaq,Galgaduud,hawd
oodin,16,Buur Hakaba,Bay,bay
oog,6,Caynabo,Sool,nip
ooman,5,Garoowe,Nugaal,hawd
oore,16,Baydhaba,Bay,bay
ordolowangel,16,Baydhaba,Bay,bay
orogdi,16,Buur Hakaba,Bay,bay
oroma,3,Hargeysa,Woqooyi Galbeed,nw
oroow,16,Buur Hakaba,Bay,bay
oroshi,16,Baydhaba,Bay,bay
owdheerow,16,Baydhaba,Bay,bay
owli,16,Baydhaba,Bay,bay
oxolo,16,Baydhaba,Bay,bay
primozendoasiindadakoo,14,Jowhar,Shabelle Dhexe,riverine
qaahirayarey,16,Baydhaba,Bay,bay
qaanlaaye,7,Qandala,Bari,east golis
qaaqi,16,Baydhaba,Bay,bay
qaararsoor,6,Qardho,Bari,nip
qabaale,16,Buur Hakaba,Bay,bay
qabridhaweel,3,Gebiley,Woqooyi Galbeed,nw
qabuurta,2,Baki,Awdal,west golis
qadiidliwiin,16,Buur Hakaba,Bay,bay
qadiidliyarey,16,Buur Hakaba,Bay,bay
qahirawiin,16,Baydhaba,Bay,bay
qalamow,16,Baydhaba,Bay,bay
qalangashe,16,Buur Hakaba,Bay,bay
qaloocan,3,Hargeysa,Woqooyi Galbeed,nw
qaloocato,7,Ceerigaabo,Sanaag,east golis
qalwo,6,Qardho,Bari,nip
qandahaar,5,Burco,Togdheer,hawd
qanreedi,16,Buur Hakaba,Bay,bay
qaradhi,5,Cabudwaaq,Galgaduud,hawd
qarancad,3,Gebiley,Woqooyi Galbeed,nw
qarankakobuqoodi,16,Buur Hakaba,Bay,bay
qaranki,16,Buur Hakaba,Bay,bay
qararrooyin,5,Buuhoodle,Togdheer,hawd
qardale,16,Buur Hakaba,Bay,bay
qariib,16,Qansax Dheere,Bay,bay
qarimey,16,Baydhaba,Bay,bay
qarwaraabe,3,Hargeysa,Woqooyi Galbeed,nw
qarxis,6,Eyl,Nugaal,nip
qasaaleyeesmindile,16,Baydhaba,Bay,bay
qasaley,16,Diinsoor,Bay,bay
qasalow,16,Baydhaba,Bay,bay
qaw,7,Bossaso,Bari,east golis
qawanka,16,Buur Hakaba,Bay,bay
qeedey,16,Baydhaba,Bay,bay
qeydari,16,Baydhaba,Bay,bay
qodqod,16,Diinsoor,Bay,bay
qol,6,Taleex,Sool,nip
qoljiid,14,Afgooye,Shabelle Hoose,riverine
qolqolkamadoobesatellite,5,Owdweyne,Togdheer,hawd
qondho,16,Baydhaba,Bay,bay
qoolcaday,3,Hargeysa,Woqooyi Galbeed,nw
qoolgoodire,5,Burco,Togdheer,hawd
qoolka,3,Gebiley,Woqooyi Galbeed,nw
qoondhalow,16,Baydhaba,Bay,bay
qooney,11,Luuq,Gedo,southern
qoralahe,7,Ceerigaabo,Sanaag,east golis
qorantole,16,Buur Hakaba,Bay,bay
qoraxjiif,7,Laasqoray,Sanaag,east golis
qoridheere,6,Caynabo,Sool,nip
qoriiley,5,Laas Caanood,Sool,hawd
qorijabley,5,Hargeysa,Woqooyi Galbeed,hawd
qorilugud,5,Buuhoodle,Togdheer,hawd
qormobuurcad,6,Qardho,Bari,nip
qoryaale,8,Eyl,Nugaal,deeh
qoton,6,Bandarbeyla,Bari,nip
qotondabo,5,Hargeysa,Woqooyi Galbeed,hawd
qotonqardhiile,2,Baki,Awdal,west golis
qotonweyne,5,Hargeysa,Woqooyi Galbeed,hawd
qoyon,6,Ceerigaabo,Sanaag,nip
qsali,2,Baki,Awdal,west golis
qudhacdheer,5,Burco,Togdheer,hawd
qudhackudle,5,Owdweyne,Togdheer,hawd
qudhacsafar,5,Burco,Togdheer,hawd
qudiqodeen,16,Baydhaba,Bay,bay
qulule,8,Eyl,Nugaal,deeh
quracadheer,5,Garoowe,Nugaal,hawd
qurinli,16,Buur Hakaba,Bay,bay
qurunlowasharaaf,16,Baydhaba,Bay,bay
qurunlowreerdumal,16,Baydhaba,Bay,bay
qururuxley,2,Hargeysa,Woqooyi Galbeed,west golis
quud,2,Baki,Awdal,west golis
raad,7,Laasqoray,Sanaag,east golis
raaro,16,Buur Hakaba,Bay,bay
raaswini,16,Buur Hakaba,Bay,bay
rabbaable,5,Garoowe,Nugaal,hawd
ragcadeeye,7,Ceerigaabo,Sanaag,east golis
rakala,16,Baydhaba,Bay,bay
rako,6,Qardho,Bari,nip
ramude,16,Buur Hakaba,Bay,bay
raqassatellite,7,Ceel Afweyn,Sanaag,east golis
raqayle,14,Balcad,Shabelle Dhexe,riverine
raqeylow,14,Balcad,Shabelle Dhexe,riverine
rascade,16,Diinsoor,Bay,bay
raxiimo,16,Baydhaba,Bay,bay
raydaba,16,Buur Hakaba,Bay,bay
raydabale,16,Baydhaba,Bay,bay
raydabkhaatumo,5,Owdweyne,Togdheer,hawd
raydable,5,Burtinle,Nugaal,hawd
raydabo,16,Qansax Dheere,Bay,bay
raydabow,16,Buur Hakaba,Bay,bay
raydabti,16,Buur Hakaba,Bay,bay
rebooy,16,Buur Hakaba,Bay,bay
reebay,16,Buur Hakaba,Bay,bay
reemanti,5,Burtinle,Nugaal,hawd
reeraykuuley,16,Buur Hakaba,Bay,bay
reermantaan,16,Buur Hakaba,Bay,bay
reydabaal,16,Baydhaba,Bay,bay
reydabaaley,16,Baydhaba,Bay,bay
riba,16,Diinsoor,Bay,bay
robaygaduud,16,Baydhaba,Bay,bay
roobay,16,Baydhaba,Bay,bay
roobayhule,16,Baydhaba,Bay,bay
rooble,16,Buur Hakaba,Bay,bay
rooblisheekh,16,Buur Hakaba,Bay,bay
roox,5,Galdogob,Mudug,hawd
rowli,16,Buur Hakaba,Bay,bay
rugay,7,Ceerigaabo,Sanaag,east golis
ruguda,7,Ceerigaabo,Sanaag,east golis
rukuuda,7,Ceel Afweyn,Sanaag,east golis
runyo,7,Caluula,Bari,east golis
ruqi,3,Baki,Awdal,nw
ruqiya,16,Buur Hakaba,Bay,bay
ruqoole,16,Baydhaba,Bay,bay
saadhuumaay,13,Doolow,Gedo,riverine
sabaayo,6,Ceerigaabo,Sanaag,nip
bariisle,1,Zeylac,Awdal,guban
sabiyo,16,Baydhaba,Bay,bay
sabriye,16,Baydhaba,Bay,bay
sabuun,14,Jowhar,Shabelle Dhexe,riverine
sabyo,14,Afgooye,Shabelle Hoose,riverine
sabyoweyn,14,Afgooye,Shabelle Hoose,riverine
saclamood,2,Gebiley,Woqooyi Galbeed,west golis
sadaxhiglo,5,Gaalkacyo,Mudug,hawd
sagaalaad,14,Afgooye,Shabelle Hoose,riverine
sahagebogebo,6,Laas Caanood,Sool,nip
sahdheer,5,Laas Caanood,Sool,hawd
salag,16,Baydhaba,Bay,bay
salaxdhadhaab,5,Dhuusamarreeb,Galgaduud,hawd
salaxley,5,Hargeysa,Woqooyi Galbeed,hawd
salbuuy,16,Baydhaba,Bay,bay
saley,2,Hargeysa,Woqooyi Galbeed,west golis
sallax,5,Burtinle,Nugaal,hawd
salmisga,16,Buur Hakaba,Bay,bay
samad,17,Balcad,Shabelle Dhexe,rainfed
samakayeddi,16,Buur Hakaba,Bay,bay
samakaygadudi,16,Baydhaba,Bay,bay
sanjilbo,6,Qardho,Bari,nip
sanjuurey,16,Qansax Dheere,Bay,bay
sanlawebari,3,Gebiley,Woqooyi Galbeed,nw
sanlawegalbed,3,Gebiley,Woqooyi Galbeed,nw
sanyare,5,Burco,Togdheer,hawd
sariiro,11,Doolow,Gedo,southern
sariirta,16,Baydhaba,Bay,bay
sarmaan,6,Bandarbeyla,Bari,nip
sarmaandheer,16,Baydhaba,Bay,bay
sarmaanley,16,Buur Hakaba,Bay,bay
sarmaanyo,6,Xudun,Sool,nip
sarmanyo,5,Buuhoodle,Togdheer,hawd
sarta,16,Qansax Dheere,Bay,bay
satiile,3,Gebiley,Woqooyi Galbeed,nw
sayn,7,Caluula,Bari,east golis
saynweynidajabis,7,Caluula,Bari,east golis
sebedowawmumin,16,Baydhaba,Bay,bay
semade,9,Jariiban,Mudug,addun
senilow,16,Baydhaba,Bay,bay
shaaloodoy,16,Baydhaba,Bay,bay
shaam,14,Jowhar,Shabelle Dhexe,riverine
shaambur,16,Baydhaba,Bay,bay
shaashcad,14,Balcad,Shabelle Dhexe,riverine
shaaxid,5,Burco,Togdheer,hawd
shabeele,16,Buur Hakaba,Bay,bay
shabeelle,16,Baydhaba,Bay,bay
shabeelow,16,Baydhaba,Bay,bay
shadiiley,13,Luuq,Gedo,riverine
shagale,2,Hargeysa,Woqooyi Galbeed,west golis
shakab,2,Baki,Awdal,west golis
shalcaw,7,Ceel Afweyn,Sanaag,east golis
shalkarsanoy,16,Baydhaba,Bay,bay
shamiti,16,Baydhaba,Bay,bay
shangale,5,Buuhoodle,Togdheer,hawd
shanshacadde,5,Burco,Togdheer,hawd
shantamundule,16,Qansax Dheere,Bay,bay
shantarale,16,Baydhaba,Bay,bay
shawki,16,Baydhaba,Bay,bay
shaxda,6,Taleex,Sool,nip
shdudub,2,Zeylac,Awdal,west golis
shebaab,7,Qandala,Bari,east golis
sheebele,16,Buur Hakaba,Bay,bay
sheekmadumurey,16,Baydhaba,Bay,bay
sheerbi,6,Qardho,Bari,nip
baxarasaaf,1,Zeylac,Awdal,guban
sheikhhuways,3,Borama,Awdal,nw
sheikhooyaaye,14,Jowhar,Shabelle Dhexe,riverine
shewka,16,Baydhaba,Bay,bay
shibelle,16,Buur Hakaba,Bay,bay
shidaloow,16,Buur Hakaba,Bay,bay
shiidalow,16,Baydhaba,Bay,bay
shiidkuus,16,Qansax Dheere,Bay,bay
shiidlebari,14,Jowhar,Shabelle Dhexe,riverine
shiidlli,16,Baydhaba,Bay,bay
shiidlow,16,Buur Hakaba,Bay,bay
shiikhaal,14,Afgooye,Shabelle Hoose,riverine
shiikhahmedgabale,17,Balcad,Shabelle Dhexe,rainfed
shimbire,16,Buur Hakaba,Bay,bay
shimbiroole,16,Diinsoor,Bay,bay
shimbirshiigshiig,16,Buur Hakaba,Bay,bay
shinbiraaley,6,Xudun,Sool,nip
shinimaal,16,Baydhaba,Bay,bay
shire,6,Qardho,Bari,nip
shonqolow,16,Baydhaba,Bay,bay
shumoxshumox,7,Ceerigaabo,Sanaag,east golis
shuunqayli,16,Buur Hakaba,Bay,bay
siigodheer,6,Ceerigaabo,Sanaag,nip
silaata,16,Buur Hakaba,Bay,bay
sinadhaga,9,Dhuusamarreeb,Galgaduud,addun
sincaro,6,Ceel Afweyn,Sanaag,nip
sinujif,6,Garoowe,Nugaal,nip
caashacaddo,1,Zeylac,Awdal,guban
sool,16,Buur Hakaba,Bay,bay
sufurwayne,6,Xudun,Sool,nip
sugiyari,16,Baydhaba,Bay,bay
surgaduud,13,Doolow,Gedo,riverine
suruqli,16,Buur Hakaba,Bay,bay
suryo,5,Burco,Togdheer,hawd
suubanlaged,9,Eyl,Nugaal,addun
suuj,8,Bandarbeyla,Bari,deeh
suunteylli,16,Baydhaba,Bay,bay
taagmooge,16,Qansax Dheere,Bay,bay
taallobuur,5,Burco,Togdheer,hawd
tabarow,16,Baydhaba,Bay,bay
tabeelaha,17,Wanla Weyn,Shabelle Hoose,rainfed
tagaal,16,Baydhaba,Bay,bay
tager,7,Iskushuban,Bari,east golis
talamoge,7,Caluula,Bari,east golis
tarash,16,Baydhaba,Bay,bay
tarocasso,5,Gaalkacyo,Mudug,hawd
tasjiic,7,Bossaso,Bari,east golis
taxsiile,17,Afgooye,Shabelle Hoose,rainfed
taysa,3,Gebiley,Woqooyi Galbeed,nw
timir,6,Taleex,Sool,nip
timire,14,Jowhar,Shabelle Dhexe,riverine
timirshe,7,Iskushuban,Bari,east golis
tinsaagara,16,Buur Hakaba,Bay,bay
tixsiile,17,Afgooye,Shabelle Hoose,rainfed
tofiiq,16,Buur Hakaba,Bay,bay
toon,3,Hargeysa,Woqooyi Galbeed,nw
toortoorow,16,Buur Hakaba,Bay,bay
toosiley,11,Doolow,Gedo,southern
heemaal,1,Zeylac,Awdal,guban
torabora,6,Ceerigaabo,Sanaag,nip
towsilibee,16,Qansax Dheere,Bay,bay
tubaaka,16,Buur Hakaba,Bay,bay
tubake,16,Baydhaba,Bay,bay
tugaarhoosle,16,Diinsoor,Bay,bay
tukoraq,6,Laas Caanood,Sool,nip
tukub,6,Caynabo,Sool,nip
tulli,3,Borama,Awdal,nw
tuloqorax,5,Gaalkacyo,Mudug,hawd
tuugaarey,14,Balcad,Shabelle Dhexe,riverine
tuugay,16,Buur Hakaba,Bay,bay
tuuladageedcasher,14,Balcad,Shabelle Dhexe,riverine
tuuladajameecabunbeega,16,Qansax Dheere,Bay,bay
tuulociise,7,Qandala,Bari,east golis
tuulosamakaab,6,Laas Caanood,Sool,nip
tuurmasale,7,Qandala,Bari,east golis
tuursubag,6,Xudun,Sool,nip
udan,3,Hargeysa,Woqooyi Galbeed,nw
ufeynsare,6,Bossaso,Bari,nip
ugaadhyahan,3,Gebiley,Woqooyi Galbeed,nw
ugaari,16,Buur Hakaba,Bay,bay
ulbaanti,16,Baydhaba,Bay,bay
ulxeed,7,Laasqoray,Sanaag,east golis
umurow,16,Buur Hakaba,Bay,bay
umurowyare,16,Buur Hakaba,Bay,bay
unaa,13,Doolow,Gedo,riverine
unuun,7,Iskushuban,Bari,east golis
uurweyne,16,Buur Hakaba,Bay,bay
uusgure,6,Qardho,Bari,nip
waabaa,2,Sheikh,Togdheer,west golis
waabaha,2,Hargeysa,Woqooyi Galbeed,west golis
waabdoore,16,Diinsoor,Bay,bay
waaciye,6,Laasqoray,Sanaag,nip
waafdhaaywiin,16,Buur Hakaba,Bay,bay
waalidxoor,3,Gebiley,Woqooyi Galbeed,nw
waamomainvillage,16,Buur Hakaba,Bay,bay
wad,6,Xudun,Sool,nip
wadaamagoo,5,Caynabo,Sool,hawd
wadhan,6,Caynabo,Sool,nip
wafdheyweyn,16,Buur Hakaba,Bay,bay
wajiwayn,2,Baki,Awdal,west golis
walaq,16,Baydhaba,Bay,bay
wanaay,16,Buur Hakaba,Bay,bay
wanakiir,5,Cadaado,Galgaduud,hawd
waqdariya,7,Ceerigaabo,Sanaag,east golis
waraabeeye,5,Burco,Togdheer,hawd
heemaalcadde,1,Zeylac,Awdal,guban
warabaaleyare,16,Buur Hakaba,Bay,bay
warabadadow,16,Buur Hakaba,Bay,bay
warashoo,16,Baydhaba,Bay,bay
warcibraan,5,Burco,Togdheer,hawd
warcilaan,13,Luuq,Gedo,riverine
wardher,6,Ceerigaabo,Sanaag,nip
wareeg,16,Baydhaba,Bay,bay
warfa,16,Buur Hakaba,Bay,bay
wargalo,9,Cadaado,Galgaduud,addun
wargaraslemudumeed,16,Baydhaba,Bay,bay
wargududo,11,Doolow,Gedo,southern
wargunbisatellite,6,Ceel Afweyn,Sanaag,nip
waridaad,6,Caynabo,Sool,nip
wariiriyaale,13,Luuq,Gedo,riverine
wariri,16,Baydhaba,Bay,bay
waririya,16,Buur Hakaba,Bay,bay
warisaaq,16,Baydhaba,Bay,bay
warjinay,16,Baydhaba,Bay,bay
warkawaayi,16,Baydhaba,Bay,bay
warmahan,17,Afgooye,Shabelle Hoose,rainfed
warmooley,17,Afgooye,Shabelle Hoose,rainfed
warmursal,17,Wanla Weyn,Shabelle Hoose,rainfed
warmuusow,17,Wanla Weyn,Shabelle Hoose,rainfed
warowilow,16,Baydhaba,Bay,bay
warqaday,16,Baydhaba,Bay,bay
warqadey,16,Baydhaba,Bay,bay
warshaamow,16,Buur Hakaba,Bay,bay
warshubo,9,Ceel Buur,Galgaduud,addun
warumur,16,Baydhaba,Bay,bay
warumurow,16,Baydhaba,Bay,bay
warxussen,16,Baydhaba,Bay,bay
waryerowwajel,16,Baydhaba,Bay,bay
waryeroy,16,Baydhaba,Bay,bay
wedahir,16,Baydhaba,Bay,bay
weekiyi,16,Baydhaba,Bay,bay
weeldheenharan,16,Qansax Dheere,Bay,bay
weelgolool,16,Diinsoor,Bay,bay
weelkaa,16,Baydhaba,Bay,bay
weellawi,16,Buur Hakaba,Bay,bay
weellowi,16,Buur Hakaba,Bay,bay
weeraar,2,Borama,Awdal,west golis
wegeli,16,Baydhaba,Bay,bay
wegelowgaduudow,16,Buur Hakaba,Bay,bay
wehelow,16,Diinsoor,Bay,bay
weley,16,Baydhaba,Bay,bay
weylo,6,Taleex,Sool,nip
widhiidh,6,Caynabo,Sool,nip
widhwidh,5,Buuhoodle,Togdheer,hawd
wiinle,16,Baydhaba,Bay,bay
wiiqaad,16,Baydhaba,Bay,bay
wiriggi,16,Baydhaba,Bay,bay
xaabbo,7,Caluula,Bari,east golis
xaadh,7,Ceerigaabo,Sanaag,east golis
xaafuun,8,Iskushuban,Bari,coastal
xaajikhayr,6,Qardho,Bari,nip
xaajikheyr,5,Burtinle,Nugaal,hawd
xaajisaalax,5,Owdweyne,Togdheer,hawd
xaajitawakal,2,Baki,Awdal,west golis
xaare,5,Buuhoodle,Togdheer,hawd
xaaro,9,Hobyo,Mudug,addun
xabaalaluundi,16,Buur Hakaba,Bay,bay
xabaalotumaalood,2,Berbera,Woqooyi Galbeed,west golis
xabiibayaal,16,Diinsoor,Bay,bay
xabow,7,Ceerigaabo,Sanaag,east golis
xadhigxadhig,3,Hargeysa,Woqooyi Galbeed,nw
xagar,16,Buur Hakaba,Bay,bay
heemaaldheere,1,Zeylac,Awdal,guban
xaliimodheer,5,Garoowe,Nugaal,hawd
xalimaale,2,Borama,Awdal,west golis
xamaas,7,Ceerigaabo,Sanaag,east golis
xamartadurdurcad,2,Borama,Awdal,west golis
xammure,7,Bossaso,Bari,east golis
xamur,5,Burtinle,Nugaal,hawd
xamure,7,Iskushuban,Bari,east golis
xamxamaa,5,Garoowe,Nugaal,hawd
xananburo,5,Cabudwaaq,Galgaduud,hawd
xananley,6,Xudun,Sool,nip
xankookib,7,Qandala,Bari,east golis
xaraf,3,Hargeysa,Woqooyi Galbeed,nw
xarago,7,Qandala,Bari,east golis
xareed,3,Hargeysa,Woqooyi Galbeed,nw
xarfo,5,Gaalkacyo,Mudug,hawd
xariirad,2,Borama,Awdal,west golis
xarshaw,7,Ceerigaabo,Sanaag,east golis
xawaadley,14,Balcad,Shabelle Dhexe,riverine
xawaalaymeynuuni,16,Diinsoor,Bay,bay
xawaalbilan,16,Qansax Dheere,Bay,bay
xawaaldhere,16,Buur Hakaba,Bay,bay
xawaalmakay,16,Qansax Dheere,Bay,bay
xayira,5,Burco,Togdheer,hawd
xeela,7,Iskushuban,Bari,east golis
xerimooli,7,Ceerigaabo,Sanaag,east golis
xhalin,6,Taleex,Sool,nip
xiddo,6,Qardho,Bari,nip
xidhinta,3,Hargeysa,Woqooyi Galbeed,nw
xidid,7,Laasqoray,Sanaag,east golis
xiis,7,Ceerigaabo,Sanaag,east golis
xijijle,7,Qandala,Bari,east golis
ximistiyo,7,Caluula,Bari,east golis
xingalool,6,Ceerigaabo,Sanaag,nip
xinlabi,9,Hobyo,Mudug,addun
xiriiro,6,Iskushuban,Bari,nip
xirmowaamo,16,Diinsoor,Bay,bay
laanshinbirood,1,Zeylac,Awdal,guban
xirsijiciir,3,Gebiley,Woqooyi Galbeed,nw
lawyacaddo,1,Zeylac,Awdal,guban
xoogjeerinle,2,Hargeysa,Woqooyi Galbeed,west golis
odawaadari,1,Zeylac,Awdal,guban
xoorrey,2,Baki,Awdal,west golis
xorfada,3,Hargeysa,Woqooyi Galbeed,nw
xubeera,7,Laasqoray,Sanaag,east golis
xudun,6,Xudun,Sool,nip
xudurciise,14,Jowhar,Shabelle Dhexe,riverine
xumbaweyne,2,Hargeysa,Woqooyi Galbeed,west golis
xuseenxamar,5,Burco,Togdheer,hawd
sheikhawaare,1,Zeylac,Awdal,guban
xuubabays,6,Iskushuban,Bari,nip
xuunshaley,3,Gebiley,Woqooyi Galbeed,nw
yaaq,16,Buur Hakaba,Bay,bay
yaaqbaraway,16,Diinsoor,Bay,bay
yaaqle,14,Balcad,Shabelle Dhexe,riverine
yaaqlow,16,Buur Hakaba,Bay,bay
yakayake,6,Qardho,Bari,nip
yaldo,3,Gebiley,Woqooyi Galbeed,nw
yalho,7,Bossaso,Bari,east golis
yasir,5,Burco,Togdheer,hawd
yeeldhaayow,16,Buur Hakaba,Bay,bay
yeyle,5,Buuhoodle,Togdheer,hawd
yibaal,6,Taleex,Sool,nip
yicis,7,Caluula,Bari,east golis
yoonbays,5,Burtinle,Nugaal,hawd
toqoshi,1,Zeylac,Awdal,guban
yubbe,7,Ceerigaabo,Sanaag,east golis
yuubka,16,Buur Hakaba,Bay,bay
zabit,16,Buur Hakaba,Bay,bay
waraabood,1,Zeylac,Awdal,guban
abaawle,16,Buur Hakaba,Bay,bay
abagdheere,16,Baydhaba,Bay,bay
abdurug,16,Baydhaba,Bay,bay
arabsiyo,3,Gebiley,Woqooyi Galbeed,nw
awcariif,17,Wanla Weyn,Shabelle Hoose,rainfed
awle,16,Baydhaba,Bay,bay
awmayow,16,Buur Hakaba,Bay,bay
awrculus,5,Burtinle,Nugaal,hawd
baale,16,Buur Hakaba,Bay,bay
balanbaale,16,Baydhaba,Bay,bay
ballicalanle,5,Burco,Togdheer,hawd
barow,16,Baydhaba,Bay,bay
beledamiin,16,Buur Hakaba,Bay,bay
birtadheer,5,Garoowe,Nugaal,hawd
biyoguduud,6,Ceerigaabo,Sanaag,nip
xirsibow,1,Zeylac,Awdal,guban
boonka,16,Baydhaba,Bay,bay
boqolka,16,Baydhaba,Bay,bay
borame,16,Baydhaba,Bay,bay
burtinle,5,Burtinle,Nugaal,hawd
bus,2,Gebiley,Woqooyi Galbeed,west golis
buuloasharaaf,16,Baydhaba,Bay,bay
buulobarako,16,Baydhaba,Bay,bay
buulocaday,16,Diinsoor,Bay,bay
buulofur,16,Baydhaba,Bay,bay
buulofuurka,16,Baydhaba,Bay,bay
buulogalooley,16,Buur Hakaba,Bay,bay
buulosokor,16,Baydhaba,Bay,bay
buulotugeer,16,Baydhaba,Bay,bay
cambaarsare,6,Qardho,Bari,nip
canjiid,6,Laas Caanood,Sool,nip
cawsane,6,Laasqoray,Sanaag,nip
ceeldoon,16,Baydhaba,Bay,bay
dagaar,7,Ceerigaabo,Sanaag,east golis
dhabicad,2,Baki,Awdal,west golis
dhoomo,6,Ceel Afweyn,Sanaag,nip
dhudhub,6,Qardho,Bari,nip
duburaha,3,Gebiley,Woqooyi Galbeed,nw
duurey,16,Baydhaba,Bay,bay
fardhidin,5,Laas Caanood,Sool,hawd
gaashaanle,14,Balcad,Shabelle Dhexe,riverine
gaboobe,2,Hargeysa,Woqooyi Galbeed,west golis
galgala,7,Bossaso,Bari,east golis
galol,16,Baydhaba,Bay,bay
galoley,16,Diinsoor,Bay,bay
galoolay,3,Gebiley,Woqooyi Galbeed,nw
ganta,16,Baydhaba,Bay,bay
garmagal,16,Baydhaba,Bay,bay
gasar,16,Baydhaba,Bay,bay
zeylac,1,Zeylac,Awdal,guban
geesdheere,3,Gebiley,Woqooyi Galbeed,nw
godka,16,Buur Hakaba,Bay,bay
godqaboobe,6,Laas Caanood,Sool,nip
gogaysa,3,Gebiley,Woqooyi Galbeed,nw
golwiin,16,Buur Hakaba,Bay,bay
gorgor,16,Buur Hakaba,Bay,bay
gumurow,16,Baydhaba,Bay,bay
haarri,16,Baydhaba,Bay,bay
habare,16,Baydhaba,Bay,bay
helishiid,13,Luuq,Gedo,riverine
hoodoy,16,Baydhaba,Bay,bay
inacadami,2,Hargeysa,Woqooyi Galbeed,west golis
kaayow,16,Baydhaba,Bay,bay
kalaale,7,Caluula,Bari,east golis
kalabayr,5,Burtinle,Nugaal,hawd
karasharka,2,Hargeysa,Woqooyi Galbeed,west golis
kobonle,16,Baydhaba,Bay,bay
kodoloob,16,Buur Hakaba,Bay,bay
koramari,16,Baydhaba,Bay,bay
korowaad,16,Buur Hakaba,Bay,bay
kulmiye,7,Ceerigaabo,Sanaag,east golis
kurman,16,Diinsoor,Bay,bay
laabiidow,16,Buur Hakaba,Bay,bay
laasasurad,7,Ceerigaabo,Sanaag,east golis
laasciidle,2,Berbera,Woqooyi Galbeed,west golis
lafaale,16,Baydhaba,Bay,bay
lowiidi,16,Buur Hakaba,Bay,bay
mashruucatogwajaale,3,Gebiley,Woqooyi Galbeed,nw
mayle,5,Burtinle,Nugaal,hawd
muraayada,5,Burco,Togdheer,hawd
odaa,13,Doolow,Gedo,riverine
qabridhaweyd,3,Gebiley,Woqooyi Galbeed,nw
qabrihuluul,5,Buuhoodle,Togdheer,hawd
qabrisamane,6,Ceel Afweyn,Sanaag,nip
qalanqal,5,Burtinle,Nugaal,hawd
qaranka,16,Buur Hakaba,Bay,bay
qawlo,6,Taleex,Sool,nip
qodax,6,Qardho,Bari,nip
qurunlow,16,Baydhaba,Bay,bay
raqeyle,14,Afgooye,Shabelle Hoose,riverine
reydabaale,16,Baydhaba,Bay,bay
sanlaawaha,3,Gebiley,Woqooyi Galbeed,nw
sareyaha,3,Gebiley,Woqooyi Galbeed,nw
shanlow,14,Balcad,Shabelle Dhexe,riverine
shimbiraale,6,Ceerigaabo,Sanaag,nip
shirfoole,16,Buur Hakaba,Bay,bay
siigadheer,6,Garoowe,Nugaal,nip
sooljoogto,5,Buuhoodle,Togdheer,hawd
suuqsade,2,Sheikh,Togdheer,west golis
takow,16,Buur Hakaba,Bay,bay
tiin,3,Gebiley,Woqooyi Galbeed,nw
tooxin,7,Caluula,Bari,east golis
tuurka,3,Gebiley,Woqooyi Galbeed,nw
udaan,3,Hargeysa,Woqooyi Galbeed,nw
uubaale,3,Hargeysa,Woqooyi Galbeed,nw
wariiri,16,Baydhaba,Bay,bay
webiyow,16,Baydhaba,Bay,bay
xaaxi,5,Owdweyne,Togdheer,hawd
xagal,3,Hargeysa,Woqooyi Galbeed,northwest
xoogaad,7,Caluula,Bari,east golis
xumbays,6,Qardho,Bari,nip
adado,5,Cadaado,Galgaduud,hawd
dhobley,13,baardheere,ngedo,riverine
oodweyne,5,odwdeyne,togdheer,hawd
baidoa,16,baydhaba,bay,bay
beledweyne,13,beletweyne,hiran,riverine
dhusomareb,5,dhuusamarreeb,GalguduudĀ,hawd
dollow,13,beletxaawo,ngedo,riverine
galkayo,9,galkacyo,mudug,addun
garowe,6,garoowe,nugaal,inland
kismayo,17,kismayo,lower juba,rainfed
mogadishu,19,banadir,banadir,bay
quansah,16,dinsor,bay,bay
zeila,7,calula,bari,eastgolis
belet,13,beledweyne,hiran,riverine
dhusamareeb,5,dhusamareb,GalguduudĀ,hawd
hudur,12,xuddur,bakool,southern
elbarde,11,ceelbarde,bakool,southern
mataban,5,beledweyne,hiran,hawd
wajidtown,12,wajid,bakool,southern
afwaax,9,Cadaado,Galgaduud,addun
ardo,9,Cadaado,Galgaduud,addun
faragoo,9,Dhuusamareeb,Galgaduud,addun
qaayib,9,Dhuusamareeb,Galgaduud,addun
xincaws,9,Ceel Buur,Galgaduud,addun
afbulo,9,Hobyo,Mudug,addun
ceeldibir,9,Hobyo,Mudug,addun
godod,9,Gaalkacyo,Mudug,addun
gacnofale,9,Gaalkacyo,Mudug,addun
faaraxgeedi,9,Gaalkacyo,Mudug,addun
gaarcad/Garcad,9,Jariiban,Mudug,addun
qorile,9,Gaalkacyo,Mudug,addun
taracaso,9,Gaalkacyo,Mudug,addun
laasocadale,9,Gaalkacyo,Mudug,addun
seego,9,Hobyo,Mudug,addun
tawfiiq,9,Jariiban,Mudug,addun
afartayaaq,16,Buur Hakaba,Bay,bay
ashar,16,Buur Hakaba,Bay,bay
bantubaako,16,Diinsoor,Bay,bay
boorow,16,Baydhaba,Bay,bay
burdhijisyarey,16,Buur Hakaba,Bay,bay
buuka,16,Baydhaba,Bay,bay
buuloabag,16,Qansax Dheere,Bay,bay
buulobilan,16,Baydhaba,Bay,bay
Buulo-Bisiq,16,Baydhaba,Bay,bay
buulofuur,16,Baydhaba,Bay,bay
buulogaduud,16,Buur Hakaba,Bay,bay
buulogaras,16,Baydhaba,Bay,bay
buulokushug,16,Baydhaba,Bay,bay
buuloyusuf,16,Baydhaba,Bay,bay
buuloeeylee,16,Baydhaba,Bay,bay
buulogaloole,16,Baydhaba,Bay,bay
buulogaras,16,Baydhaba,Bay,bay
buulojadiid,16,Diinsoor,Bay,bay
buulonure,16,Baydhaba,Bay,bay
caashafarta,16,Baydhaba,Bay,bay
dadarow,16,Baydhaba,Bay,bay
danoolow,16,Baydhaba,Bay,bay
dhanfarur,16,Buur Hakaba,Bay,bay
gadudeyti,16,Buur Hakaba,Bay,bay
galooloonle,16,Diinsoor,Bay,bay
galoolow,16,Baydhaba,Bay,bay
garasbuule,16,Buur Hakaba,Bay,bay
garbidheeri,16,Buur Hakaba,Bay,bay
gereerafur,16,Baydhaba,Bay,bay
hareeridheeri,16,Baydhaba,Bay,bay
hubur,16,Baydhaba,Bay,bay
jamaacadasheikhadan,16,Buur Hakaba,Bay,bay
jinaay,16,Baydhaba,Bay,bay
kaamire,16,Baydhaba,Bay,bay
koronkorey,16,Buur Hakaba,Bay,bay
leeshi,16,Buur Hakaba,Bay,bay
ligey,16,Buur Hakaba,Bay,bay
lowiiley,16,Buur Hakaba,Bay,bay
macaaneey,16,Baydhaba,Bay,bay
mankar,16,Baydhaba,Bay,bay
marmarka,16,Buur Hakaba,Bay,bay
midhowey,16,Baydhaba,Bay,bay
moolmadwein,16,Baydhaba,Bay,bay
raaxoole,16,Diinsoor,Bay,bay
riibikileed,16,Baydhaba,Bay,bay
afruugleey,8,Iskushuban,Bari,deeh
ceeladde,8,Iskushuban,Bari,deeh
qudbiga,6,Laas Caanood,sool,nip
tuurta,6,Caynabo,Sool,nip
carooley,6,Laascanood,Sool,nip
xalin,6,Laascanood,Sool,nip
godaalo,6,Laascanood,Sool,nip
holhol,3,borama,Awdal,nw
idhanka,3,Gebiley,Waqooyi Galbeed,nw
ishagudban,3,Gebiley,Waqooyi Galbeed,nw
beerato,3,Oodweyne,Togdheer,nw
boodhley,3,Gebiley,Waqooyi Galbeed,nw
ceelxumo,3,Oodweyne,Waqooyi Galbeed,nw
galoolley,3,Togdheer,Waqooyi Galbeed,nw
jidhaangob,3,Togdheer,Waqooyi Galbeed,nw
qoyta,3,Togdheer,Waqooyi Galbeed,nw
ximan,3,Togdheer,Waqooyi Galbeed,nw
ceelbaxay,3,Berbera,Saaxil,nw
dacarbudhuq,3,Hargeysa,Waqooyi Galbeed,nw
daymoxun,3,Hargeysa,Waqooyi Galbeed,nw
fadhixun,3,Hargeysa,Woqooyi Galbeed,nw
galooley,3,Togdheer,Waqooyi Galbeed,nw
goray,3,Gebiley,Waqooyi Galbeed,nw
jameecada,3,Hargeysa,Waqooyi Galbeed,nw
kalabaydh,3,Gebiley,Waqooyi Galbeed,nw
kalabaydh,5,Laascanood,Sool,hawd
balanbaal,5,Burco,Togdheer,hawd
galooley,5,Oodweyne,Togdheer,hawd
jameecada,5,Burco,Togdheer,hawd
xidhxidh,5,Buuhoodle,Togdheer,hawd
xeyddiiriye,5,Laascanood,Sool,hawd
inaidifle,5,Laascanood,Sool,hawd
iskudar,5,Laascanood,Sool,hawd
wartabayle,5,Burco,Togdheer,hawd
caateeyecabdi,5,Laascanood,Sool,hawd
dhumay,5,Laascanood,Sool,hawd
qoriley,5,Buuhoodle,Sool,hawd
laasodar,5,Laascanood,Sool,hawd
dhabasaar,5,Laascanood,Sool,hawd
halbow,13,luuq,Gedo,riverine
qundhed,8,bari,Bari,deeh
maraya,8,eyl,nugaal,deeh
ufeyn,7,Bossaso,bari,east golis
baalguri,14,Afgooye,lower shabelle,riverine
balcad,14,Balcad,middle shabelle,riverine
lughaye,1,Lughaye,Awdal,guban
sheeddheer,1,baki,Awdal,guban
gargaara,1,baki,Awdal,guban
hulka,1,baki,Awdal,guban
balayga,1,baki,Awdal,guban
beeyokulul,1,Hargeysa,Woqooyi Galbeed,guban
isasudhan,1,Hargeysa,Woqooyi Galbeed,guban
faruur,1,Hargeysa,Woqooyi Galbeed,guban
boobdheere,5,Cabudwaaq,Galgaduud,hawd
goodwiil,5,Cabudwaaq,Galgaduud,hawd
qabriile,5,Cabudwaaq,Galgaduud,hawd
raamaale,5,goldogob,Galgaduud,hawd
xinjilab,5,Cabudwaaq,Galgaduud,hawd
garsaalo,5,dhuusamarreeb,Galgaduud,hawd
faratooyada,5,Gaalkacyo,Mudug,hawd
farcad,5,Gaalkacyo,Mudug,hawd
dudumaale,5,garoowe,nugaal,hawd
rabaable,6,Burtinle,nugaal,hawd
timirka,6,garoowe,nugaal,hawd
wadajir,6,galkacyo,Mudug,hawd
jablahe,6,Caynabo,sool,hawd
kiridh,6,Caynabo,sool,hawd
gatiitaley,3,Odweyne,Togdheer,nw
Cabuudwaaq,5,Cabudwaaq,Galgaduud,hawd
