"SMART_Survey_Name","CSV_Name","Last_update_time","Type of survey/issue"
"Addun Pastoral Gu 2023.as","SOM_2023_07_lhz_addun_pastoral","Thu Jul 25 17:20:17 2024","lhz"
"Coastal Deeh 2023 Gu.as","SOM_2023_07_lhz_coastal_NA","Thu Jul 25 17:20:18 2024","lhz"
"hargeysa IDPs _08_23.as","SOM_2023_08_admin2_hargeysa_idps","Thu Jul 25 17:20:18 2024","individual"
"hargeysa Urban_08_23.as","SOM_2023_04_admin2_hargeysa_urban","Thu Jul 25 17:20:18 2024","individual"
"Hawd Pastoral Central Ne 2023 Gu.as","SOM_2023_07_lhz_hawd_pastoral","Thu Jul 25 17:20:18 2024","lhz"
"NW Agropastoral_1223.as","SOM_2023_12_lhz_nw_NA","Thu Jul 25 17:20:18 2024","lhz"
"Odweyne_rural Complete Anthro_Mortality.as","SOM_2022_08_admin2_odweyne_rural","Thu Jul 25 17:20:18 2024","individual"
"Shabelle_AP Agropastoral_2023_Gu Rev.as","SOM_2023_07_lhz_shabelle_NA","Thu Jul 25 17:20:18 2024","lhz"
"SOM-NW NIP_0823.as","SOM_2023_01_lhz_nip_NA","Thu Jul 25 17:20:18 2024","lhz"
"SOM_2013_admin2_Baydhaba.as","SOM_2013_11_admin2_baydhaba_NA","Thu Jul 25 17:20:18 2024","aggregate"
"SOM_2013_admin2_BeletWeyne.as",NA,"Thu Jul 25 17:20:18 2024","Missing Date"
"SOM_2013_admin2_BeletWeyne_2.as","SOM_2014_01_admin2_beletweyne_NA","Thu Jul 25 17:20:18 2024","aggregate"
"SOM_2013_admin2_Mogadishu_IDP.as","SOM_2013_12_admin2_mogadishu_idp","Thu Jul 25 17:20:18 2024","aggregate"
"SOM_2013_LHZ_Bakool_pastoral.as","SOM_2013_07_lhz_bakool_pastoral","Thu Jul 25 17:20:19 2024","lhz"
"SOM_2013_LHZ_Bay AgroPastAgropastoral.as","SOM_2013_12_lhz_bay_NA","Thu Jul 25 17:20:19 2024","lhz"
"SOM_2013_LHZ_Shabelle AP Agropastoral.as","SOM_2014_01_lhz_shabelle_NA","Thu Jul 25 17:20:19 2024","lhz"
"SOM_2013_LHZ_Shabelle River Agropastoral.as","SOM_2014_01_lhz_shabelle_river","Thu Jul 25 17:20:19 2024","lhz"
"SOM_2014_06_LHZ_Addun pastoral.as",NA,"Thu Jul 25 17:20:19 2024","Missing Date"
"SOM_2014_11_admin1_Bari urban.as","SOM_2014_12_admin2_bari_urban","Thu Jul 25 17:20:19 2024","aggregate"
"SOM_2014_admin2_Burco_IDP.as","SOM_2014_05_admin2_burco_idp","Thu Jul 25 17:20:19 2024","aggregate"
"SOM_2014_admin2_Hargeysa IDP.as","SOM_2014_06_admin2_hargeysa_idp","Thu Jul 25 17:20:19 2024","aggregate"
"SOM_2014_LHZ_Bay AgroPast Agropastoral.as",NA,"Thu Jul 25 17:20:19 2024","Missing Date"
"SOM_2014_LHZ_coastal_deeh.as",NA,"Thu Jul 25 17:20:19 2024","Missing Date"
"SOM_2014_LHZ_NE_hawd.as",NA,"Thu Jul 25 17:20:19 2024","Missing Date"
"SOM_201411_admin1_Galgaduud.as","SOM_2014_11_lhz_galgaduud_NA","Thu Jul 25 17:20:19 2024","lhz"
"SOM_201411_admin1_Mudug.as","SOM_2014_11_lhz_mudug_NA","Thu Jul 25 17:20:19 2024","lhz"
"SOM_201411_admin2_Baardheere (Dhobley)IDP.as","SOM_2014_11_admin2_baardheere_NA","Thu Jul 25 17:20:19 2024","aggregate"
"SOM_201411_admin2_Bossaso IDP.as","SOM_2014_11_admin2_bossaso_idp","Thu Jul 25 17:20:19 2024","aggregate"
"SOM_201411_admin2_Doolow IDP.as","SOM_2014_11_admin2_doolow_idp","Thu Jul 25 17:20:19 2024","aggregate"
"SOM_201411_admin2_qardho IDP.as","SOM_2014_11_admin2_qardho_idp","Thu Jul 25 17:20:19 2024","aggregate"
"SOM_201411_LHZ_Addun.as","SOM_2014_10_lhz_addun_NA","Thu Jul 25 17:20:20 2024","lhz"
"SOM_201411_LHZ_Coastal deeh NE.as","SOM_2014_12_lhz_coastal_ne","Thu Jul 25 17:20:20 2024","lhz"
"SOM_201411_LHZ_coastal_deeh_central.as","SOM_2014_12_lhz_coastal_NA","Thu Jul 25 17:20:20 2024","lhz"
"SOM_201411_LHZ_North_Gedo_Pastoralpastoral.as","SOM_2014_12_lhz_gedo_NA","Thu Jul 25 17:20:20 2024","lhz"
"SOM_201411_LHZ_North_Gedo_Riverine.as","SOM_2014_12_lhz_gedo_riverine","Thu Jul 25 17:20:20 2024","lhz"
"SOM_201411_LHZ_Shabelle riverine.as",NA,"Thu Jul 25 17:20:20 2024","Missing Date"
"SOM_2015_admin2_Berbera IDP.as","SOM_2015_05_admin2_berbera_idp","Thu Jul 25 17:20:20 2024","aggregate"
"SOM_2015_admin2_Burco IDP.as","SOM_2015_05_admin2_burco_idp","Thu Jul 25 17:20:20 2024","aggregate"
"SOM_2015_admin2_Doolow IDP.as","SOM_2015_11_admin2_doolow_idp","Thu Jul 25 17:20:20 2024","aggregate"
"SOM_2015_admin2_Hargeysa IDP.as","SOM_2015_05_admin2_hargeysa_idp","Thu Jul 25 17:20:20 2024","aggregate"
"SOM_2015_admin2_Kismayo Agropastoral.as","SOM_2015_11_admin2_kismayo_rainfed","Thu Jul 25 17:20:20 2024","aggregate"
"SOM_2015_admin2_Mogadishu IDP.as",NA,"Thu Jul 25 17:20:20 2024","Missing Date"
"SOM_2015_admin2_Mogadishu urban Gu.as",NA,"Thu Jul 25 17:20:20 2024","Missing Date"
"SOM_2015_admin2_Mogadishu urban.as","SOM_2015_11_admin2_mogadishu_urban","Thu Jul 25 17:20:20 2024","aggregate"
"SOM_2015_admin2_Mogadishu_IDP_.as",NA,"Thu Jul 25 17:20:20 2024","Missing Date"
"SOM_2015_LHZ_Addun.as",NA,"Thu Jul 25 17:20:20 2024","Missing Date"
"SOM_2015_LHZ_coastal_deeh Gu.as","SOM_2015_07_lhz_coastal_NA","Thu Jul 25 17:20:21 2024","lhz"
"SOM_2015_LHZ_Cowpea AP Agropastoral.as",NA,"Thu Jul 25 17:20:21 2024","stratum not find"
"SOM_2015_LHZ_Gedo_Pastoral.as","SOM_2015_08_lhz_gedo_pastoral","Thu Jul 25 17:20:21 2024","lhz"
"SOM_2015_LHZ_Gedo_Riverine.as","SOM_2015_12_lhz_gedo_riverine","Thu Jul 25 17:20:21 2024","lhz"
"SOM_2015_LHZ_NE Golis Gu.as",NA,"Thu Jul 25 17:20:21 2024","Missing Date"
"SOM_2015_LHZ_NE hawd Gu.as",NA,"Thu Jul 25 17:20:21 2024","Missing Date"
"SOM_2015_LHZ_Northwest_Hawd.as","SOM_2016_01_lhz_northwest_NA","Thu Jul 25 17:20:21 2024","lhz"
"SOM_2015_LHZ_Northwest_inland_pastoralpastoral.as",NA,"Thu Jul 25 17:20:21 2024","Missing Date"
"SOM_2015_LHZ_NW_AgroPastAgropastoralGu.as","SOM_2015_07_lhz_nw_NA","Thu Jul 25 17:20:21 2024","lhz"
"SOM_2015_LHZ_West_Golis.as",NA,"Thu Jul 25 17:20:21 2024","stratum not find"
"SOM_201505_LHZ_NW Pastoral.as","SOM_2015_07_lhz_nw_pastoral","Thu Jul 25 17:20:21 2024","lhz"
"SOM_201512_LHZ_Addun.as",NA,"Thu Jul 25 17:20:21 2024","Missing Date"
"SOM_201512_LHZ_coastal deeh Deyr.as",NA,"Thu Jul 25 17:20:21 2024","Missing Date"
"SOM_201605_admin2_Baardheere_dhobley_IDP.as","SOM_NA_NA_admin2_baardheere_idp","Thu Jul 25 17:20:21 2024","aggregate"
"SOM_201605_admin2_Baydhaba IDP.as","SOM_2016_05_admin2_baydhaba_idp","Thu Jul 25 17:20:21 2024","aggregate"
"SOM_201605_admin2_Berbera IDP.as","SOM_2016_01_admin2_berbera_idp","Thu Jul 25 17:20:22 2024","aggregate"
"SOM_201605_admin2_Bossaso IDP.as","SOM_2016_02_admin2_bossaso_idp","Thu Jul 25 17:20:22 2024","aggregate"
"SOM_201605_admin2_Burco IDP.as","SOM_2016_05_admin2_burco_idp","Thu Jul 25 17:20:22 2024","aggregate"
"SOM_201605_admin2_Dhusamareeb IDP.as","SOM_2016_03_admin2_dhusamareeb_idp","Thu Jul 25 17:20:22 2024","aggregate"
"SOM_201605_admin2_Doolow IDP.as","SOM_2016_01_admin2_doolow_idp","Thu Jul 25 17:20:22 2024","aggregate"
"SOM_201605_admin2_Galkayo IDP.as","SOM_2016_02_admin2_galkayo_idp","Thu Jul 25 17:20:22 2024","aggregate"
"SOM_201605_admin2_Garoowe_IDP.as","SOM_2016_01_admin2_garoowe_idp","Thu Jul 25 17:20:22 2024","aggregate"
"SOM_201605_admin2_Hargeysa IDP.as","SOM_2016_05_admin2_hargeysa_idp","Thu Jul 25 17:20:22 2024","individual"
"SOM_201605_admin2_kismayo IDP.as",NA,"Thu Jul 25 17:20:22 2024","Missing Date"
"SOM_201605_admin2_Mogadishu Agropastoral.as","SOM_2016_02_admin2_mogadishu_idp","Thu Jul 25 17:20:22 2024","aggregate"
"SOM_201605_admin2_qardho IDP.as","SOM_2016_05_admin2_qardho_idp","Thu Jul 25 17:20:22 2024","aggregate"
"SOM_201607_admin2_BeletWeyne.as","SOM_2015_07_admin2_beletweyne_NA","Thu Jul 25 17:20:22 2024","individual"
"SOM_201607_LHZ_Addun.as","SOM_2016_07_lhz_addun_NA","Thu Jul 25 17:20:22 2024","lhz"
"SOM_201607_LHZ_Bay_AgroPast Agropastoral.as","SOM_2016_07_lhz_bay_NA","Thu Jul 25 17:20:23 2024","lhz"
"SOM_201607_LHZ_coastal_deeh.as","SOM_NA_NA_lhz_coastal_NA","Thu Jul 25 17:20:23 2024","lhz"
"SOM_201607_LHZ_Guban_Pastoralpastoral.as","SOM_2016_07_lhz_guban_NA","Thu Jul 25 17:20:23 2024","lhz"
"SOM_201607_LHZ_Hawd_NE.as","SOM_2016_07_lhz_hawd_ne","Thu Jul 25 17:20:23 2024","lhz"
"SOM_201607_LHZ_Ngedo past.as","SOM_NA_NA_lhz_ngedo_past","Thu Jul 25 17:20:23 2024","lhz"
"SOM_201607_LHZ_Ngedo riverine.as","SOM_2016_07_lhz_ngedo_riverine","Thu Jul 25 17:20:23 2024","lhz"
"SOM_201607_LHZ_NW AgroPast Agropastoral.as","SOM_2016_07_lhz_nw_NA","Thu Jul 25 17:20:23 2024","lhz"
"SOM_201607_LHZ_NW Hawd.as","SOM_2016_06_lhz_nw_pastoral","Thu Jul 25 17:20:23 2024","lhz"
"SOM_201607_LHZ_NWNE_NIP pastoral.as","SOM_2016_07_lhz_nip_pastoral","Thu Jul 25 17:20:23 2024","lhz"
"SOM_201607_LHZ_Shabelle_AP Agropastoral.as","SOM_2016_07_lhz_shabelle_NA","Thu Jul 25 17:20:23 2024","lhz"
"SOM_201607_LHZ_WestGolis.as","SOM_2016_07_lhz_westgolis_NA","Thu Jul 25 17:20:23 2024","lhz"
"SOM_201610_admin2_Baydhaba Agropastoral.as","SOM_2017_05_admin2_baydhaba_NA","Thu Jul 25 17:20:23 2024","individual"
"SOM_201611_admin2_Berbera IDP.as","SOM_2015_11_admin2_berbera_idp","Thu Jul 25 17:20:23 2024","individual"
"SOM_201611_admin2_Bossaso IDP.as","SOM_2016_10_admin2_bossaso_idp","Thu Jul 25 17:20:24 2024","individual"
"SOM_201611_admin2_BurcoIDP.as",NA,"Thu Jul 25 17:20:24 2024","stratum not find"
"SOM_201611_admin2_Dhuusamarreeb_dhobley_IDP.as","SOM_2008_11_admin2_dhuusamarreeb_idp","Thu Jul 25 17:20:24 2024","individual"
"SOM_201611_admin2_Doolow IDP.as","SOM_2015_11_admin2_doolow_idp","Thu Jul 25 17:20:24 2024","individual"
"SOM_201611_admin2_Garoowe IDP.as","SOM_2016_10_admin2_garoowe_idp","Thu Jul 25 17:20:24 2024","individual"
"SOM_201611_admin2_Garowe IDP.as","SOM_2016_10_admin2_garowe_idp","Thu Jul 25 17:20:24 2024","individual"
"SOM_201611_admin2_Hargeysa IDP.as","SOM_2013_11_admin2_hargeysa_idp","Thu Jul 25 17:20:24 2024","individual"
"SOM_201611_admin2_Kismayo IDP.as","SOM_2016_11_admin2_kismayo_idp","Thu Jul 25 17:20:24 2024","individual"
"SOM_201611_admin2_Mogadishu IDP.as","SOM_2016_11_admin2_mogadishu_idp","Thu Jul 25 17:20:24 2024","individual"
"SOM_201611_admin2_qardho Agropastoral.as","SOM_2016_11_admin2_qardho_NA","Thu Jul 25 17:20:24 2024","individual"
"SOM_201611_Dhusamareb_check.as","SOM_2001_11_admin2_dhusamareb_NA","Thu Jul 25 17:20:24 2024","individual"
"SOM_201612_admin2_Baydhaba IDP.as","SOM_2016_11_admin2_baydhaba_idp","Thu Jul 25 17:20:24 2024","individual"
"SOM_201612_admin2_BeletWeyne.as","SOM_2016_12_admin2_beletweyne_NA","Thu Jul 25 17:20:25 2024","individual"
"SOM_201612_LHZ_Addun.as","SOM_2016_12_lhz_addun_pastoral","Thu Jul 25 17:20:25 2024","lhz"
"SOM_201612_LHZ_Bakool pastoral.as","SOM_2016_12_lhz_bakool_pastoral","Thu Jul 25 17:20:25 2024","lhz"
"SOM_201612_LHZ_Bay Agro PastAgropastoral.as","SOM_2016_11_lhz_bay_agro","Thu Jul 25 17:20:25 2024","lhz"
"SOM_201612_LHZ_coastal deeh.as","SOM_2016_12_lhz_coastal_ne","Thu Jul 25 17:20:25 2024","lhz"
"SOM_201612_LHZ_Guban Pastoral.as","SOM_2016_12_lhz_guban_pastoral","Thu Jul 25 17:20:25 2024","lhz"
"SOM_201612_LHZ_Hawd.as","SOM_2016_12_lhz_hawd_NA","Thu Jul 25 17:20:25 2024","lhz"
"SOM_201612_LHZ_Ngedo past.as","SOM_2016_12_lhz_ngedo_past","Thu Jul 25 17:20:25 2024","lhz"
"SOM_201612_LHZ_Ngedo riverine.as","SOM_2016_12_lhz_ngedo_riverine","Thu Jul 25 17:20:25 2024","lhz"
"SOM_201612_LHZ_NIP_NW_NE pastoral.as","SOM_2016_12_lhz_nip_ne","Thu Jul 25 17:20:25 2024","lhz"
"SOM_201612_LHZ_NW AgroPast Agropastoral.as","SOM_2016_12_lhz_nw_NA","Thu Jul 25 17:20:25 2024","lhz"
"SOM_201612_LHZ_Shabelle AP Agropastoral.as","SOM_2016_12_lhz_shabelle_NA","Thu Jul 25 17:20:25 2024","lhz"
"SOM_201612_LHZ_Shabelle Riverine.as","SOM_2016_12_lhz_shabelle_riverine","Thu Jul 25 17:20:26 2024","lhz"
"SOM_201612_LHZ_West_Golis.as","SOM_2016_12_lhz_westgolis_NA","Thu Jul 25 17:20:26 2024","lhz"
"SOM_201703_admin2_Burco IDP.as","SOM_2017_04_admin2_burco_idp","Thu Jul 25 17:20:26 2024","individual"
"SOM_201703_admin2_Cabuudwaaq.as","SOM_2017_04_admin2_cabuudwaaq_hawd","Thu Jul 25 17:20:26 2024","individual"
"SOM_201703_admin2_Cadaado.as","SOM_2017_04_admin2_cadaado_NA","Thu Jul 25 17:20:26 2024","individual"
"SOM_201703_admin2_Laasqoray.as","SOM_2017_04_admin2_laasqoray_east golis","Thu Jul 25 17:20:26 2024","individual"
"SOM_201705_admin2_Baydhaba.as","SOM_2017_05_admin2_baydhaba_NA","Thu Jul 25 17:20:26 2024","individual"
"SOM_201705_admin2_BeletWeyne.as","SOM_2017_05_admin2_beletweyne_NA","Thu Jul 25 17:20:26 2024","individual"
"SOM_201705_admin2_CeelBarde.as","SOM_2017_05_admin2_ceelbarde_NA","Thu Jul 25 17:20:26 2024","individual"
"SOM_201705_admin2_Mataban.as","SOM_2017_05_admin2_mataban_hawd","Thu Jul 25 17:20:26 2024","individual"
"SOM_201705_admin2_Mogadishu IDP.as","SOM_2017_05_admin2_mogadishu_idp","Thu Jul 25 17:20:26 2024","individual"
"SOM_201705_admin2_Mogadishu urban.as","SOM_2017_05_admin2_mogadishu_urban","Thu Jul 25 17:20:26 2024","individual"
"SOM_201705_admin2_WanlaWeyn.as","SOM_2017_05_admin2_wanlaweyn_NA","Thu Jul 25 17:20:26 2024","individual"
"SOM_201712_LHZ_Addun.as","SOM_2017_12_lhz_addun_NA","Thu Jul 25 17:20:27 2024","lhz"
"SOM_201712_LHZ_Bay_AgroPast Agropastoral.as","SOM_2007_08_lhz_bay_NA","Thu Jul 25 17:20:27 2024","lhz"
"SOM_201712_LHZ_coastal_deeh.as","SOM_2017_12_lhz_coastal_NA","Thu Jul 25 17:20:27 2024","lhz"
"SOM_201712_LHZ_east_golis.as",NA,"Thu Jul 25 17:20:27 2024","stratum not find"
"SOM_201712_LHZ_Guban.as","SOM_2017_12_lhz_guban_past","Thu Jul 25 17:20:27 2024","lhz"
"SOM_201712_LHZ_NE NIPpastoral.as","SOM_2017_12_lhz_nip_ne","Thu Jul 25 17:20:27 2024","lhz"
"SOM_201712_LHZ_NE_hawd.as","SOM_2017_12_lhz_hawd_ne","Thu Jul 25 17:20:27 2024","lhz"
"SOM_201712_LHZ_NE_NIP pastoral.as","SOM_2017_12_lhz_nip_ne","Thu Jul 25 17:20:27 2024","lhz"
"SOM_201712_LHZ_NG riverine.as","SOM_2017_08_lhz_riverine_riverine","Thu Jul 25 17:20:27 2024","lhz"
"SOM_201712_LHZ_NG_pastoral.as","SOM_2017_09_lhz_gedo_pastoral","Thu Jul 25 17:20:27 2024","lhz"
"SOM_201712_LHZ_NW AgroPastAgropastoral.as","SOM_2017_12_lhz_nw_NA","Thu Jul 25 17:20:27 2024","lhz"
"SOM_201712_LHZ_NW Hawd.as","SOM_2017_12_lhz_nw_pastoral","Thu Jul 25 17:20:27 2024","lhz"
"SOM_201712_LHZ_NW NIP pastoral.as","SOM_2017_12_lhz_nw_pastoral","Thu Jul 25 17:20:28 2024","lhz"
"SOM_201712_LHZ_NW_AgroPast Agropastoral.as","SOM_2017_12_lhz_nw_NA","Thu Jul 25 17:20:28 2024","lhz"
"SOM_201712_LHZ_NW_Hawd.as","SOM_2017_12_lhz_nw_pastoral","Thu Jul 25 17:20:28 2024","lhz"
"SOM_201712_LHZ_NW_NIPpastoral.as","SOM_2017_12_lhz_nw_NA","Thu Jul 25 17:20:28 2024","lhz"
"SOM_201712_LHZ_Shabelle Agropastoral.as","SOM_2017_11_lhz_shabelle_NA","Thu Jul 25 17:20:28 2024","lhz"
"SOM_201712_LHZ_Shabelle Riverine.as","SOM_2017_11_lhz_shabelle_riverine","Thu Jul 25 17:20:28 2024","lhz"
"SOM_201712_LHZ_West Golis.as",NA,"Thu Jul 25 17:20:28 2024","stratum not find"
"SOM_201803_admin2_BeletWeyne.as","SOM_2018_03_admin2_beletweyne_NA","Thu Jul 25 17:20:28 2024","individual"
"SOM_201803_admin2_BeletWeyne_2.as","SOM_2018_04_admin2_beletweyne_NA","Thu Jul 25 17:20:28 2024","individual"
"SOM_201803_admin2_Burco.as","SOM_2018_03_admin2_burco_NA","Thu Jul 25 17:20:28 2024","individual"
"SOM_201803_admin2_Cadaado.as","SOM_2018_03_admin2_cadaado_NA","Thu Jul 25 17:20:28 2024","individual"
"SOM_201803_admin2_Doolow IDP.as","SOM_2018_03_admin2_doolow_idp","Thu Jul 25 17:20:29 2024","individual"
"SOM_201803_admin2_Gaalkayo IDP.as","SOM_2018_03_admin2_galkayo_idp","Thu Jul 25 17:20:29 2024","individual"
"SOM_201803_admin2_Garoowe IDP.as","SOM_2018_03_admin2_garoowe_idp","Thu Jul 25 17:20:29 2024","aggregate"
"SOM_201803_admin2_Iskushuban.as","SOM_2017_02_admin2_iskushuban_NA","Thu Jul 25 17:20:29 2024","individual"
"SOM_201803_admin2_Kismayo.as","SOM_2018_03_admin2_kismayo_rainfed","Thu Jul 25 17:20:29 2024","individual"
"SOM_201803_admin2_Mataban.as","SOM_2018_01_admin2_mataban_hawd","Thu Jul 25 17:20:29 2024","individual"
"SOM_201803_admin2_Mataban.bak","SOM_2018_01_admin2_mataban_hawd","Thu Jul 25 17:20:29 2024","individual"
"SOM_201803_admin2_Mogadishu IDP.as","SOM_2018_03_admin2_mogadishu_idp","Thu Jul 25 17:20:29 2024","individual"
"SOM_201806_admin2_Baardheere_dhobley_IDP.as","SOM_2018_06_admin2_baardheere_idp","Thu Jul 25 17:20:29 2024","individual"
"SOM_201806_admin2_Baydhaba.as","SOM_2018_01_admin2_baydhaba_idps","Thu Jul 25 17:20:29 2024","individual"
"SOM_201806_admin2_BeletWeyne rural.as","SOM_2018_07_admin2_beletweyne_rural","Thu Jul 25 17:20:29 2024","individual"
"SOM_201806_admin2_BeletWeyne urban.as","SOM_2018_07_admin2_beletweyne_urban","Thu Jul 25 17:20:29 2024","individual"
"SOM_201806_admin2_Berbera IDP.as","SOM_2018_06_admin2_berbera_idp","Thu Jul 25 17:20:29 2024","individual"
"SOM_201806_admin2_Bossaso IDP.as","SOM_2018_01_admin2_bossaso_idp","Thu Jul 25 17:20:29 2024","individual"
"SOM_201806_admin2_Burco IDP.as","SOM_2018_06_admin2_burco_idp","Thu Jul 25 17:20:29 2024","individual"
"SOM_201806_admin2_Dhusamareeb IDP.as","SOM_2018_06_admin2_dhusamareeb_idp","Thu Jul 25 17:20:29 2024","individual"
"SOM_201806_admin2_Doolow IDP.as","SOM_2018_05_admin2_doolow_idp","Thu Jul 25 17:20:30 2024","individual"
"SOM_201806_admin2_Galkayo IDP.as","SOM_2018_01_admin2_galkayo_idp","Thu Jul 25 17:20:30 2024","individual"
"SOM_201806_admin2_Garowe IDP.as","SOM_2018_01_admin2_garowe_idp","Thu Jul 25 17:20:30 2024","individual"
"SOM_201806_admin2_Hargeysa IDP.as","SOM_2018_04_admin2_hargeysa_idp","Thu Jul 25 17:20:30 2024","individual"
"SOM_201806_admin2_kismayo IDP.as","SOM_2018_05_admin2_kismayo_idp","Thu Jul 25 17:20:30 2024","individual"
"SOM_201806_admin2_Kismayo urban.as","SOM_2018_05_admin2_kismayo_urban","Thu Jul 25 17:20:30 2024","individual"
"SOM_201806_admin2_Mogadishu IDP.as","SOM_2018_05_admin2_mogadishu_idp","Thu Jul 25 17:20:30 2024","individual"
"SOM_201806_admin2_Mogadishu urban.as","SOM_2018_05_admin2_mogadishu_urban","Thu Jul 25 17:20:30 2024","individual"
"SOM_201806_admin2_qardho IDP.as","SOM_2018_01_admin2_qardho_idp","Thu Jul 25 17:20:30 2024","individual"
"SOM_201806_LHZ_Addun.as","SOM_2018_07_lhz_addun_NA","Thu Jul 25 17:20:30 2024","lhz"
"SOM_201806_LHZ_Bakool_pastoral.as","SOM_2018_01_lhz_bakool_pastoral","Thu Jul 25 17:20:30 2024","lhz"
"SOM_201806_LHZ_Bay_Agropastoral.as","SOM_2008_10_lhz_bay_NA","Thu Jul 25 17:20:30 2024","lhz"
"SOM_201806_LHZ_coastal_deeh.as","SOM_2018_07_lhz_coastal_NA","Thu Jul 25 17:20:30 2024","lhz"
"SOM_201806_LHZ_eastgolis.as","SOM_2018_07_lhz_eastgolis_NA","Thu Jul 25 17:20:30 2024","lhz"
"SOM_201806_LHZ_Guban pastoral.as","SOM_2018_07_lhz_guban_pastoral","Thu Jul 25 17:20:31 2024","lhz"
"SOM_201806_LHZ_NE_hawd.as","SOM_2018_07_lhz_hawd_ne","Thu Jul 25 17:20:31 2024","lhz"
"SOM_201806_LHZ_NG_pastoral pastoral.as",NA,"Thu Jul 25 17:20:31 2024","stratum not find"
"SOM_201806_LHZ_Ngedo river riverine.as","SOM_2018_05_lhz_ngedo_river","Thu Jul 25 17:20:31 2024","lhz"
"SOM_201806_LHZ_NIP_NW pastoral.as","SOM_2008_08_lhz_nip_pastoral","Thu Jul 25 17:20:31 2024","lhz"
"SOM_201806_LHZ_North_Inland_Pastoralpastoral.as","SOM_2018_07_lhz_inland_ne","Thu Jul 25 17:20:31 2024","lhz"
"SOM_201806_LHZ_NW AgroPast Agropastoral.as","SOM_2018_07_lhz_nw_NA","Thu Jul 25 17:20:31 2024","lhz"
"SOM_201806_LHZ_NW Hawd.as","SOM_2018_06_lhz_nw_NA","Thu Jul 25 17:20:31 2024","lhz"
"SOM_201806_LHZ_Shab AgroPast Agropastoral.as","SOM_2018_07_admin2_shabeele_bay","Thu Jul 25 17:20:31 2024","individual"
"SOM_201806_LHZ_Shab Riverine riverine.as","SOM_2018_08_lhz_riverine_riverine","Thu Jul 25 17:20:31 2024","lhz"
"SOM_201806_LHZ_West_Golis.as","SOM_2018_07_lhz_westgolis_NA","Thu Jul 25 17:20:31 2024","lhz"
"SOM_201808_admin2_Burtinle.AS","SOM_2018_08_admin2_burtinle_hawd","Thu Jul 25 17:20:31 2024","individual"
"SOM_201808_admin2_Garowe IDP.as","SOM_2018_04_admin2_garowe_idp","Thu Jul 25 17:20:31 2024","individual"
"SOM_201811_admin2_Baydhaba IDP.as","SOM_2018_02_admin2_baydhaba_idp","Thu Jul 25 17:20:32 2024","individual"
"SOM_201811_admin2_Berbera IDP.as","SOM_2018_11_admin2_berbera_idp","Thu Jul 25 17:20:32 2024","individual"
"SOM_201811_admin2_Bossaso IDP.as","SOM_2018_03_admin2_bossaso_idp","Thu Jul 25 17:20:32 2024","individual"
"SOM_201811_admin2_Burco.as","SOM_2018_11_admin2_burco_idp","Thu Jul 25 17:20:32 2024","individual"
"SOM_201811_admin2_Ceel_Barde.as","SOM_2017_01_admin2_elbarde_southern","Thu Jul 25 17:20:32 2024","individual"
"SOM_201811_admin2_Dhusamareeb IDP.as","SOM_2018_11_admin2_dhusamareeb_idp","Thu Jul 25 17:20:32 2024","individual"
"SOM_201811_admin2_Doolow IDP.as","SOM_2018_05_admin2_doolow_idp","Thu Jul 25 17:20:32 2024","individual"
"SOM_201811_admin2_Gaalkayo IDP.as","SOM_2008_11_admin2_galkacyo_idp","Thu Jul 25 17:20:32 2024","individual"
"SOM_201811_admin2_Garowe IDP.as","SOM_2018_02_admin2_garowe_idp","Thu Jul 25 17:20:32 2024","individual"
"SOM_201811_admin2_Hargeysa IDP.as","SOM_2018_11_admin2_hargeysa_idp","Thu Jul 25 17:20:32 2024","individual"
"SOM_201811_admin2_Kismayo IDP.as","SOM_2015_11_admin2_kismayo_idp","Thu Jul 25 17:20:32 2024","individual"
"SOM_201811_admin2_Kismayo urban.as","SOM_2018_02_admin2_kismayo_urban","Thu Jul 25 17:20:33 2024","individual"
"SOM_201811_admin2_Kismayo_urban.as","SOM_2018_02_admin2_kismayo_urban","Thu Jul 25 17:20:33 2024","individual"
"SOM_201811_admin2_LaasCaanood.as","SOM_2018_02_admin2_laascaanood_idps","Thu Jul 25 17:20:33 2024","individual"
"SOM_201811_admin2_Mogadishu IDP.as","SOM_2018_11_admin2_mogadishu_idp","Thu Jul 25 17:20:33 2024","individual"
"SOM_201811_admin2_Mogadishu urban.as","SOM_2018_11_admin2_mogadishu_urban","Thu Jul 25 17:20:33 2024","individual"
"SOM_201811_admin2_qardho.as","SOM_2018_03_admin2_qardho_NA","Thu Jul 25 17:20:33 2024","individual"
"som_201905_admin2_banadir_idp.as","SOM_2019_05_admin2_banadir_idp","Thu Jul 25 17:20:33 2024","individual"
"som_201905_admin2_baydhaba_idp.as","SOM_2019_01_admin2_baydhaba_idp","Thu Jul 25 17:20:33 2024","individual"
"som_201905_admin2_berbera_idp.as","SOM_2019_05_admin2_berbera_idp","Thu Jul 25 17:20:33 2024","individual"
"som_201905_admin2_bossaso_idp.as","SOM_2019_05_admin2_bossaso_idp","Thu Jul 25 17:20:33 2024","individual"
"som_201905_admin2_burco_idp.as","SOM_2019_05_admin2_burco_idp","Thu Jul 25 17:20:33 2024","individual"
"som_201905_admin2_dhuusamarreeb_idp.as","SOM_2019_01_admin2_dhuusamarreeb_idp","Thu Jul 25 17:20:33 2024","individual"
"som_201905_admin2_doolow_idp.as","SOM_2019_05_admin2_doolow_idp","Thu Jul 25 17:20:34 2024","individual"
"som_201905_admin2_gaalkacyo_idp.as","SOM_2019_04_admin2_gaalkacyo_idp","Thu Jul 25 17:20:34 2024","individual"
"som_201905_admin2_garowe_idp.as","SOM_2019_02_admin2_garowe_idp","Thu Jul 25 17:20:34 2024","individual"
"som_201905_admin2_hargeysa_idp.as","SOM_2018_06_admin2_hargeysa_idp","Thu Jul 25 17:20:34 2024","individual"
"som_201905_admin2_kismayo_idp.as","SOM_2019_02_admin2_kismayo_idp","Thu Jul 25 17:20:34 2024","individual"
"som_201905_admin2_kismayo_urban.as","SOM_2019_02_admin2_kismayo_urban","Thu Jul 25 17:20:34 2024","individual"
"som_201905_admin2_laascaanood_idp.as","SOM_2019_05_admin2_laascaanood_idp","Thu Jul 25 17:20:34 2024","individual"
"som_201906_admin2_baardheere_idp.as","SOM_2008_11_admin2_baardheere_idp","Thu Jul 25 17:20:34 2024","individual"
"som_201906_admin2_banadir_urban.as","SOM_2019_05_admin2_banadir_urban","Thu Jul 25 17:20:34 2024","individual"
"som_201906_admin2_beletweyne.as","SOM_2019_06_admin2_beletweyne_NA","Thu Jul 25 17:20:34 2024","individual"
"som_201906_admin2_beletweyne_mat.as","SOM_2019_06_admin2_beletweyne_NA","Thu Jul 25 17:20:34 2024","individual"
"som_201906_admin2_qardho_idp.as","SOM_2019_01_admin2_qardho_idp","Thu Jul 25 17:20:34 2024","individual"
"som_201907_admin2_baydhaba.as","SOM_2019_07_admin2_baydhaba_NA","Thu Jul 25 17:20:34 2024","individual"
"som_201907_admin2_beletweyne.as","SOM_2019_07_admin2_beletweyne_NA","Thu Jul 25 17:20:34 2024","individual"
"som_201907_admin2_beletweyne_urban.as","SOM_2019_03_admin2_beletweyne_urban","Thu Jul 25 17:20:35 2024","individual"
"som_201907_lhz_addun_pastoral.as","SOM_2019_07_lhz_addun_pastoral","Thu Jul 25 17:20:35 2024","lhz"
"som_201907_lhz_bay_agropast.as","SOM_2019_06_lhz_bay_NA","Thu Jul 25 17:20:35 2024","lhz"
"som_201907_lhz_coastaldeeh_pastoral.as","SOM_2019_07_lhz_coastal_pastoral","Thu Jul 25 17:20:35 2024","lhz"
"som_201907_lhz_eastgolis.as","SOM_2019_07_lhz_eastgolis_NA","Thu Jul 25 17:20:35 2024","lhz"
"som_201907_lhz_gravity_riverine.as","SOM_2019_07_lhz_riverine_riverine","Thu Jul 25 17:20:35 2024","lhz"
"som_201907_lhz_guban.as","SOM_2019_07_lhz_guban_pastoral","Thu Jul 25 17:20:35 2024","lhz"
"som_201907_lhz_nechawd_pastoral.as","SOM_2019_07_lhz_hawd_pastoral","Thu Jul 25 17:20:35 2024","lhz"
"som_201907_lhz_nip_ne.as","SOM_2019_07_lhz_nip_ne","Thu Jul 25 17:20:35 2024","lhz"
"som_201907_lhz_nip_nw.as","SOM_2008_11_lhz_nip_NA","Thu Jul 25 17:20:35 2024","lhz"
"som_201907_lhz_nw_agropast.as","SOM_2008_11_lhz_nw_NA","Thu Jul 25 17:20:35 2024","lhz"
"som_201907_lhz_nwhawd_pastoral.as","SOM_2019_07_lhz_nw_pastoral","Thu Jul 25 17:20:35 2024","lhz"
"som_201907_lhz_pump_riverine.as","SOM_2019_07_lhz_riverine_riverine","Thu Jul 25 17:20:35 2024","lhz"
"som_201907_lhz_si_pastoral.as","SOM_2019_07_lhz_gedo_pastoral","Thu Jul 25 17:20:35 2024","lhz"
"som_201907_lhz_srainfed.as","SOM_2019_07_lhz_shabelle_NA","Thu Jul 25 17:20:35 2024","lhz"
"som_201907_lhz_westgolis.as","SOM_2019_07_lhz_westgolis_NA","Thu Jul 25 17:20:35 2024","lhz"
"som_201910_admin2_xuddur_urban.as","SOM_2019_08_admin2_xuddur_urban","Thu Jul 25 17:20:36 2024","individual"
"som_201911_admin2_ceelbarde.as","SOM_2019_09_admin2_ceelbarde_NA","Thu Jul 25 17:20:36 2024","individual"
"som_201912_admin2_banadir.as","SOM_2019_12_admin2_banadir_NA","Thu Jul 25 17:20:36 2024","individual"
"som_202007_admin2_baydhaba_idp.as","SOM_2002_07_admin2_baydhaba_idp","Thu Jul 25 17:20:36 2024","individual"
"som_202007_admin2_bossaso_idp.as","SOM_2020_07_admin2_bossaso_idp","Thu Jul 25 17:20:36 2024","individual"
"som_202007_admin2_burco_idp.as","SOM_2020_07_admin2_burco_idp","Thu Jul 25 17:20:36 2024","individual"
"som_202007_admin2_dhuusamarreeb_urban.as","SOM_2020_01_admin2_dhuusamarreeb_urban","Thu Jul 25 17:20:36 2024","individual"
"som_202007_admin2_doolow_idp.as","SOM_2020_07_admin2_doolow_idp","Thu Jul 25 17:20:36 2024","individual"
"som_202007_admin2_doolow_urban.as","SOM_2020_07_admin2_doolow_urban","Thu Jul 25 17:20:36 2024","individual"
"som_202007_admin2_gaalkacyo_idp.as","SOM_2020_02_admin2_gaalkacyo_idp","Thu Jul 25 17:20:36 2024","individual"
"som_202007_admin2_garoowe_idp.as","SOM_2020_07_admin2_garoowe_idp","Thu Jul 25 17:20:36 2024","individual"
"som_202007_admin2_hargeysa_urban.as","SOM_2020_07_admin2_hargeysa_urban","Thu Jul 25 17:20:36 2024","individual"
"som_202007_admin2_kismayo_idp.as","SOM_2020_07_admin2_kismayo_idp","Thu Jul 25 17:20:36 2024","individual"
"som_202008_admin2_banadir_idp.as","SOM_2020_07_admin2_banadir_idp","Thu Jul 25 17:20:37 2024","individual"
"som_202008_admin2_banadir_urban.as","SOM_2020_07_admin2_banadir_urban","Thu Jul 25 17:20:37 2024","individual"
"som_202008_admin2_baydhaba_urban.as","SOM_2020_02_admin2_baydhaba_urban","Thu Jul 25 17:20:37 2024","individual"
"som_202008_admin2_beletweyne.as","SOM_2020_08_admin2_beletweyne_NA","Thu Jul 25 17:20:37 2024","individual"
"som_202008_admin2_beletweyne_urban.as","SOM_2020_08_admin2_beletweyne_urban","Thu Jul 25 17:20:37 2024","individual"
"som_202008_admin2_bossaso_urban.as","SOM_2020_01_admin2_bossaso_urban","Thu Jul 25 17:20:37 2024","individual"
"som_202008_admin2_burco_urban.as","SOM_2020_07_admin2_burco_urban","Thu Jul 25 17:20:37 2024","individual"
"som_202008_admin2_dhuusamarreeb_idp.as","SOM_2000_08_admin2_dhuusamarreeb_idp","Thu Jul 25 17:20:37 2024","individual"
"som_202008_admin2_gaalkacyo_urban.as","SOM_2020_02_admin2_gaalkacyo_urban","Thu Jul 25 17:20:37 2024","individual"
"som_202008_admin2_garoowe_urban.as","SOM_2020_07_admin2_garoowe_urban","Thu Jul 25 17:20:37 2024","individual"
"som_202008_admin2_hargeysa_idp.as","SOM_2020_07_admin2_hargeysa_idp","Thu Jul 25 17:20:37 2024","individual"
"som_202008_admin2_kismayo_urban.as","SOM_2020_08_admin2_kismayo_urban","Thu Jul 25 17:20:38 2024","individual"
"som_202008_lhz_addun_pastoral.as","SOM_2000_08_lhz_addun_pastoral","Thu Jul 25 17:20:38 2024","lhz"
"som_202008_lhz_bay_agropast.as","SOM_2020_08_lhz_bay_NA","Thu Jul 25 17:20:38 2024","lhz"
"som_202008_lhz_coastaldeeh_pastoral.as","SOM_2020_08_lhz_coastal_pastoral","Thu Jul 25 17:20:38 2024","lhz"
"som_202008_lhz_eastgolis.as","SOM_2020_08_lhz_eastgolis_NA","Thu Jul 25 17:20:38 2024","lhz"
"som_202008_lhz_gravity_riverine.as","SOM_2020_08_lhz_riverine_riverine","Thu Jul 25 17:20:38 2024","lhz"
"som_202008_lhz_guban.as","SOM_2020_08_lhz_guban_pastoral","Thu Jul 25 17:20:38 2024","lhz"
"som_202008_lhz_nechawd_pastoral.as","SOM_2020_08_lhz_hawd_pastoral","Thu Jul 25 17:20:38 2024","lhz"
"som_202008_lhz_nip_ne.as","SOM_2020_08_lhz_nip_ne","Thu Jul 25 17:20:38 2024","lhz"
"som_202008_lhz_nip_nw.as","SOM_2020_08_lhz_nip_NA","Thu Jul 25 17:20:38 2024","lhz"
"som_202008_lhz_nw_agropast.as","SOM_2020_08_lhz_nw_NA","Thu Jul 25 17:20:38 2024","lhz"
"som_202008_lhz_nwhawd_pastoral.as","SOM_2020_08_lhz_nw_pastoral","Thu Jul 25 17:20:38 2024","lhz"
"som_202008_lhz_pump_riverine.as","SOM_2020_08_lhz_riverine_riverine","Thu Jul 25 17:20:38 2024","lhz"
"som_202008_lhz_si_pastoral.as","SOM_2020_08_lhz_gedo_pastoral","Thu Jul 25 17:20:39 2024","lhz"
"som_202008_lhz_srainfed.as","SOM_2020_08_lhz_shabelle_NA","Thu Jul 25 17:20:39 2024","lhz"
"som_202008_lhz_westgolis.as","SOM_2020_08_lhz_westgolis_NA","Thu Jul 25 17:20:39 2024","lhz"
"som_202010_admin2_banadir_idp.as","SOM_2020_10_admin2_banadir_idp","Thu Jul 25 17:20:39 2024","individual"
"som_202010_admin2_baydhaba_idp.as","SOM_2002_11_admin2_baydhaba_idp","Thu Jul 25 17:20:39 2024","individual"
"som_202010_admin2_bossaso_idp.as","SOM_2020_10_admin2_bossaso_idp","Thu Jul 25 17:20:39 2024","individual"
"som_202010_admin2_burco_idp.as","SOM_2020_10_admin2_burco_idp","Thu Jul 25 17:20:39 2024","individual"
"som_202010_admin2_burco_urban.as","SOM_2020_10_admin2_burco_urban","Thu Jul 25 17:20:39 2024","individual"
"som_202010_admin2_dhuusamarreeb_urban.as","SOM_2010_01_admin2_dhuusamarreeb_urban","Thu Jul 25 17:20:39 2024","individual"
"som_202010_admin2_doolow_idp.as","SOM_NA_NA_admin2_doolow_idp","Thu Jul 25 17:20:39 2024","individual"
"som_202010_admin2_gaalkacyo_idp.as","SOM_2020_02_admin2_gaalkacyo_idp","Thu Jul 25 17:20:40 2024","individual"
"som_202010_admin2_garoowe_idp.as","SOM_2020_10_admin2_garoowe_idp","Thu Jul 25 17:20:40 2024","individual"
"som_202010_admin2_hargeysa_idp.as","SOM_2020_10_admin2_hargeysa_idp","Thu Jul 25 17:20:40 2024","individual"
"som_202010_admin2_hargeysa_urban.as","SOM_2020_10_admin2_hargeysa_urban","Thu Jul 25 17:20:40 2024","individual"
"som_202010_admin2_kismayo_idp.as","SOM_2020_05_admin2_kismayo_idp","Thu Jul 25 17:20:40 2024","individual"
"som_202010_admin2_xuddur_urban.as","SOM_2020_10_admin2_xuddur_urban","Thu Jul 25 17:20:40 2024","individual"
"som_202011_admin2_banadir_urban.as","SOM_2020_11_admin2_banadir_urban","Thu Jul 25 17:20:40 2024","individual"
"som_202011_admin2_baydhaba_urban.as","SOM_2020_05_admin2_baydhaba_urban","Thu Jul 25 17:20:40 2024","individual"
"som_202011_admin2_bossaso_urban.as","SOM_2010_11_admin2_bossaso_urban","Thu Jul 25 17:20:40 2024","individual"
"som_202011_admin2_ceelbarde.as","SOM_2020_04_admin2_ceelbarde_NA","Thu Jul 25 17:20:40 2024","individual"
"som_202011_admin2_doolow_urban.as","SOM_2020_11_admin2_doolow_urban","Thu Jul 25 17:20:40 2024","individual"
"som_202011_admin2_gaalkacyo_urban.as","SOM_2020_03_admin2_gaalkacyo_urban","Thu Jul 25 17:20:40 2024","individual"
"som_202011_admin2_garoowe_urban.as","SOM_2020_11_admin2_garoowe_urban","Thu Jul 25 17:20:41 2024","individual"
"som_202011_admin2_gebiley.as","SOM_2020_11_admin2_gebiley_NA","Thu Jul 25 17:20:41 2024","individual"
"som_202011_admin2_kismayo_urban.as","SOM_2020_05_admin2_kismayo_urban","Thu Jul 25 17:20:41 2024","individual"
"som_202012_lhz_addun_pastoral.as","SOM_2016_10_lhz_addun_pastoral","Thu Jul 25 17:20:41 2024","lhz"
"som_202012_lhz_bay_agropast.as","SOM_2020_05_lhz_bay_NA","Thu Jul 25 17:20:41 2024","lhz"
"som_202012_lhz_coastaldeeh_pastoral.as","SOM_2020_12_lhz_coastal_pastoral","Thu Jul 25 17:20:41 2024","lhz"
"som_202012_lhz_eastgolis.as","SOM_2020_12_lhz_eastgolis_NA","Thu Jul 25 17:20:41 2024","lhz"
"som_202012_lhz_gravity_riverine.as","SOM_2020_12_lhz_riverine_riverine","Thu Jul 25 17:20:41 2024","lhz"
"som_202012_lhz_guban.as","SOM_2020_12_lhz_guban_pastoral","Thu Jul 25 17:20:41 2024","lhz"
"som_202012_lhz_nechawd_pastoral.as","SOM_2020_12_lhz_hawd_pastoral","Thu Jul 25 17:20:41 2024","lhz"
"som_202012_lhz_nip_ne.as","SOM_2020_12_lhz_nip_ne","Thu Jul 25 17:20:42 2024","lhz"
"som_202012_lhz_nip_nw.as","SOM_2020_12_lhz_nip_NA","Thu Jul 25 17:20:42 2024","lhz"
"som_202012_lhz_nw_agropast.as","SOM_2020_12_lhz_nw_NA","Thu Jul 25 17:20:42 2024","lhz"
"som_202012_lhz_nwhawd_pastoral.as","SOM_2020_12_lhz_nw_pastoral","Thu Jul 25 17:20:42 2024","lhz"
"som_202012_lhz_pump_riverine.as","SOM_2020_05_lhz_riverine_riverine","Thu Jul 25 17:20:42 2024","lhz"
"som_202012_lhz_si_pastoral.as","SOM_2020_12_lhz_gedo_pastoral","Thu Jul 25 17:20:42 2024","lhz"
"som_202012_lhz_srainfed.as","SOM_2020_12_lhz_shabelle_NA","Thu Jul 25 17:20:42 2024","lhz"
"som_202012_lhz_westgolis.as","SOM_2020_12_lhz_westgolis_pastoral","Thu Jul 25 17:20:42 2024","lhz"
"som_202101_admin2_diinsoor.as","SOM_2021_01_admin2_diinsoor_NA","Thu Jul 25 17:20:42 2024","individual"
"som_202102_admin2_kismayo.as","SOM_NA_NA_admin2_kismayo_rainfed","Thu Jul 25 17:20:42 2024","individual"
"som_202106_admin2_banadir_idp.as","SOM_2021_06_admin2_banadir_idp","Thu Jul 25 17:20:42 2024","individual"
"som_202106_admin2_banadir_urban.as","SOM_2021_06_admin2_banadir_urban","Thu Jul 25 17:20:43 2024","individual"
"som_202106_admin2_baydhaba_idp.as","SOM_2002_06_admin2_baydhaba_idp","Thu Jul 25 17:20:43 2024","individual"
"som_202106_admin2_baydhaba_urban.as","SOM_2021_06_admin2_baydhaba_urban","Thu Jul 25 17:20:43 2024","individual"
"som_202106_admin2_bossaso_idp.as","SOM_2021_06_admin2_bossaso_idp","Thu Jul 25 17:20:43 2024","individual"
"som_202106_admin2_bossaso_urban.as","SOM_2021_06_admin2_bossaso_urban","Thu Jul 25 17:20:43 2024","individual"
"som_202106_admin2_burco_idp.as","SOM_2021_06_admin2_burco_idp","Thu Jul 25 17:20:43 2024","individual"
"som_202106_admin2_burco_urban.as","SOM_2021_06_admin2_burco_urban","Thu Jul 25 17:20:43 2024","individual"
"som_202106_admin2_dhuusamarreeb_idp.as","SOM_2021_06_admin2_dhuusamarreeb_idp","Thu Jul 25 17:20:43 2024","individual"
"som_202106_admin2_dhuusamarreeb_urban.as","SOM_2021_06_admin2_dhuusamarreeb_urban","Thu Jul 25 17:20:43 2024","individual"
"som_202106_admin2_doolow_idp.as","SOM_2021_06_admin2_doolow_idp","Thu Jul 25 17:20:43 2024","individual"
"som_202106_admin2_doolow_urban.as","SOM_2021_06_admin2_doolow_urban","Thu Jul 25 17:20:43 2024","individual"
"som_202106_admin2_gaalkacyo_idp.as","SOM_2021_06_admin2_gaalkacyo_idp","Thu Jul 25 17:20:44 2024","individual"
"som_202106_admin2_gaalkacyo_urban.as","SOM_2020_06_admin2_gaalkacyo_urban","Thu Jul 25 17:20:44 2024","individual"
"som_202106_admin2_garoowe_idp.as","SOM_2021_06_admin2_garoowe_idp","Thu Jul 25 17:20:44 2024","individual"
"som_202106_admin2_garoowe_urban.as","SOM_2021_06_admin2_garoowe_urban","Thu Jul 25 17:20:44 2024","individual"
"som_202106_admin2_hargeysa_idp.as","SOM_2021_06_admin2_hargeysa_idp","Thu Jul 25 17:20:44 2024","individual"
"som_202106_admin2_hargeysa_urban.as","SOM_2021_06_admin2_hargeysa_urban","Thu Jul 25 17:20:44 2024","individual"
"som_202106_admin2_kismayo_idp.as","SOM_2020_06_admin2_kismayo_idp","Thu Jul 25 17:20:44 2024","individual"
"som_202106_admin2_kismayo_urban.as","SOM_2021_06_admin2_kismayo_urban","Thu Jul 25 17:20:44 2024","individual"
"som_202107_lhz_addun_pastoral.as","SOM_2021_07_lhz_addun_pastoral","Thu Jul 25 17:20:44 2024","lhz"
"som_202107_lhz_bay_agropast.as","SOM_2021_07_lhz_bay_agro","Thu Jul 25 17:20:44 2024","lhz"
"som_202107_lhz_coastaldeeh_pastoral.as","SOM_2021_07_lhz_coastal_pastoral","Thu Jul 25 17:20:45 2024","lhz"
"som_202107_lhz_eastgolis.as","SOM_2021_07_lhz_eastgolis_pastoral","Thu Jul 25 17:20:45 2024","lhz"
"som_202107_lhz_gravity_riverine.as","SOM_2021_07_lhz_riverine_riverine","Thu Jul 25 17:20:45 2024","lhz"
"som_202107_lhz_guban.as","SOM_2020_07_lhz_guban_pastoral","Thu Jul 25 17:20:45 2024","lhz"
"som_202107_lhz_nechawd_pastoral.as","SOM_2021_04_lhz_hawd_pastoral","Thu Jul 25 17:20:45 2024","lhz"
"som_202107_lhz_nip_ne.as","SOM_2021_07_lhz_nip_ne","Thu Jul 25 17:20:45 2024","lhz"
"som_202107_lhz_nip_nw.as","SOM_2021_07_lhz_nip_pastoral","Thu Jul 25 17:20:45 2024","lhz"
"som_202107_lhz_nw_agropast.as","SOM_2021_01_lhz_nw_NA","Thu Jul 25 17:20:45 2024","lhz"
"som_202107_lhz_nwhawd_pastoral.as","SOM_2021_06_lhz_nw_pastoral","Thu Jul 25 17:20:45 2024","lhz"
"som_202107_lhz_pump_riverine.as","SOM_2021_07_lhz_riverine_riverine","Thu Jul 25 17:20:45 2024","lhz"
"som_202107_lhz_rainfed.as","SOM_2021_07_lhz_rainfed_agro","Thu Jul 25 17:20:46 2024","lhz"
"som_202107_lhz_si_pastoral.as","SOM_2021_07_lhz_ngedo_pastoral","Thu Jul 25 17:20:46 2024","lhz"
"som_202107_lhz_srainfed.as",NA,"Thu Jul 25 17:20:46 2024","stratum not find"
"som_202107_lhz_westgolis.as","SOM_2021_07_lhz_westgolis_pastoral","Thu Jul 25 17:20:46 2024","lhz"
"som_202111_admin2_banadir_idp.as","SOM_2021_01_admin2_banadir_idp","Thu Jul 25 17:20:46 2024","individual"
"som_202111_admin2_banadir_urban.as","SOM_2021_11_admin2_banadir_urban","Thu Jul 25 17:20:46 2024","individual"
"som_202111_admin2_baydhaba_urban.as","SOM_2021_08_admin2_baydhaba_urban","Thu Jul 25 17:20:46 2024","individual"
"som_202111_admin2_bossaso_idp.as","SOM_2021_11_admin2_bossaso_idp","Thu Jul 25 17:20:46 2024","individual"
"som_202111_admin2_bossaso_urban.as","SOM_2021_11_admin2_bossaso_urban","Thu Jul 25 17:20:46 2024","individual"
"som_202111_admin2_burco_idp.as","SOM_2021_11_admin2_burco_idp","Thu Jul 25 17:20:46 2024","individual"
"som_202111_admin2_ceelbarde.as","SOM_2021_11_admin2_ceelbarde_NA","Thu Jul 25 17:20:46 2024","individual"
"som_202111_admin2_dhuusamarreeb_urban.as","SOM_2021_11_admin2_dhuusamarreeb_urban","Thu Jul 25 17:20:46 2024","individual"
"som_202111_admin2_doolow_idp.as","SOM_2021_01_admin2_doolow_idp","Thu Jul 25 17:20:46 2024","individual"
"som_202111_admin2_gaalkacyo_idp.as","SOM_2021_11_admin2_gaalkacyo_idp","Thu Jul 25 17:20:46 2024","individual"
"som_202111_admin2_gaalkacyo_urban.as","SOM_2021_11_admin2_gaalkacyo_urban","Thu Jul 25 17:20:46 2024","individual"
"som_202111_admin2_garoowe_idp.as","SOM_2021_11_admin2_garoowe_idp","Thu Jul 25 17:20:46 2024","individual"
"som_202111_admin2_garoowe_urban.as","SOM_2021_11_admin2_garoowe_urban","Thu Jul 25 17:20:46 2024","individual"
"som_202111_admin2_hargeysa_idp.as","SOM_2021_11_admin2_hargeysa_idp","Thu Jul 25 17:20:46 2024","individual"
"som_202111_admin2_kismayo_idp.as","SOM_NA_NA_admin2_kismayo_idp","Thu Jul 25 17:20:47 2024","individual"
"som_202111_admin2_kismayo_urban.as","SOM_2021_11_admin2_kismayo_urban","Thu Jul 25 17:20:47 2024","individual"
"som_202111_admin2_xuddur.as","SOM_2021_03_admin2_xuddur_NA","Thu Jul 25 17:20:47 2024","individual"
"som_202112_admin2_baydhaba_idp.as","SOM_2021_02_admin2_baydhaba_idp","Thu Jul 25 17:20:47 2024","individual"
"som_202112_admin2_beletweyne.as","SOM_2021_12_admin2_beletweyne_NA","Thu Jul 25 17:20:47 2024","individual"
"som_202112_admin2_beletweyne_urban.as","SOM_2021_12_admin2_beletweyne_urban","Thu Jul 25 17:20:47 2024","individual"
"som_202112_admin2_burco_urban.as","SOM_2021_11_admin2_burco_urban","Thu Jul 25 17:20:47 2024","individual"
"som_202112_admin2_dhuusamarreeb_idp.as","SOM_2021_12_admin2_dhuusamarreeb_idp","Thu Jul 25 17:20:47 2024","individual"
"som_202112_admin2_doolow_urban.as","SOM_2021_01_admin2_doolow_urban","Thu Jul 25 17:20:47 2024","individual"
"som_202112_admin2_hargeysa_urban.as","SOM_2021_11_admin2_hargeysa_urban","Thu Jul 25 17:20:47 2024","individual"
"som_202112_admin2_xuddur_urban.as","SOM_2021_03_admin2_xuddur_urban","Thu Jul 25 17:20:47 2024","individual"
"som_202112_lhz_addun_pastoral.as","SOM_2021_12_lhz_addun_pastoral","Thu Jul 25 17:20:47 2024","lhz"
"som_202112_lhz_bay_agropast.as","SOM_2021_12_lhz_bay_NA","Thu Jul 25 17:20:47 2024","lhz"
"som_202112_lhz_coastaldeeh_pastoral.as",NA,"Thu Jul 25 17:20:48 2024","stratum not find"
"som_202112_lhz_eastgolis.as","SOM_2021_12_lhz_eastgolis_pastoral","Thu Jul 25 17:20:48 2024","lhz"
"som_202112_lhz_gravity_riverine.as","SOM_2021_12_lhz_riverine_riverine","Thu Jul 25 17:20:48 2024","lhz"
"som_202112_lhz_guban.as","SOM_2021_12_lhz_guban_pastoral","Thu Jul 25 17:20:48 2024","lhz"
"som_202112_lhz_nip_ne.as","SOM_2021_12_lhz_nip_ne","Thu Jul 25 17:20:48 2024","lhz"
"som_202112_lhz_nip_nw.as","SOM_2021_12_lhz_nip_NA","Thu Jul 25 17:20:48 2024","lhz"
"som_202112_lhz_nw_agropast.as","SOM_2021_12_lhz_nw_NA","Thu Jul 25 17:20:48 2024","lhz"
"som_202112_lhz_nwhawd_pastoral.as","SOM_2021_12_lhz_hawd_pastoral","Thu Jul 25 17:20:48 2024","lhz"
"som_202112_lhz_pump_riverine.as","SOM_2021_12_lhz_riverine_riverine","Thu Jul 25 17:20:48 2024","lhz"
"som_202112_lhz_rainfed.as","SOM_2021_12_lhz_rainfed_NA","Thu Jul 25 17:20:48 2024","lhz"
"som_202112_lhz_si_pastoral.as","SOM_2021_12_lhz_gedo_pastoral","Thu Jul 25 17:20:49 2024","lhz"
"som_202112_lhz_westgolis.as","SOM_2021_12_lhz_westgolis_pastoral","Thu Jul 25 17:20:49 2024","lhz"
"som_202201_admin2_diinsoor.as","SOM_2022_09_admin2_diinsoor_NA","Thu Jul 25 17:20:49 2024","individual"
"som_202202_admin2_wajid.as","SOM_2022_02_admin2_wajid_NA","Thu Jul 25 17:20:49 2024","individual"
"som_202204_admin2_banadir_idp.as","SOM_2022_04_admin2_banadir_idp","Thu Jul 25 17:20:49 2024","individual"
"som_202204_admin2_baydhaba_idp.as","SOM_2022_01_admin2_baydhaba_idp","Thu Jul 25 17:20:49 2024","individual"
"som_202204_admin2_beletweyne.as","SOM_2022_04_admin2_beletweyne_NA","Thu Jul 25 17:20:49 2024","individual"
"som_202204_admin2_beletweyne_urban_idp.as","SOM_2022_04_admin2_beletweyne_urban","Thu Jul 25 17:20:49 2024","individual"
"som_202204_admin2_doolow_idp.as","SOM_2022_04_admin2_doolow_idp","Thu Jul 25 17:20:49 2024","individual"
"som_202204_admin2_gaalkacyo_idp.as","SOM_2022_04_admin2_gaalkacyo_idp","Thu Jul 25 17:20:49 2024","individual"
"som_202204_admin2_kismayo_idp.as","SOM_2022_04_admin2_kismayo_idp","Thu Jul 25 17:20:49 2024","individual"
"som_202204_lhz_addun_pastoral.as","SOM_2022_01_lhz_addun_pastoral","Thu Jul 25 17:20:49 2024","lhz"
"som_202204_lhz_bay_agropast.as","SOM_2022_04_lhz_bay_NA","Thu Jul 25 17:20:49 2024","lhz"
"som_202204_lhz_nechawd_pastoral.as","SOM_2022_04_lhz_hawd_pastoral","Thu Jul 25 17:20:50 2024","lhz"
"som_202204_lhz_pump_riverine.as","SOM_2022_03_lhz_riverine_riverine","Thu Jul 25 17:20:50 2024","lhz"
"som_202206_admin2_banadir_idp.as","SOM_2022_05_admin2_banadir_idp","Thu Jul 25 17:20:50 2024","individual"
"som_202206_admin2_banadir_urban.as","SOM_2022_06_admin2_banadir_urban","Thu Jul 25 17:20:50 2024","individual"
"som_202206_admin2_baydhaba_idp.as","SOM_2022_06_admin2_baydhaba_idp","Thu Jul 25 17:20:50 2024","individual"
"som_202206_admin2_baydhaba_urban.as","SOM_2022_06_admin2_baydhaba_urban","Thu Jul 25 17:20:50 2024","individual"
"som_202206_admin2_bossaso_idp.as","SOM_2022_06_admin2_bossaso_idp","Thu Jul 25 17:20:50 2024","individual"
"som_202206_admin2_bossaso_urban.as","SOM_2022_06_admin2_bossaso_urban","Thu Jul 25 17:20:50 2024","individual"
"som_202206_admin2_dhuusamarreeb_idp.as","SOM_2022_06_admin2_dhuusamarreeb_idp","Thu Jul 25 17:20:50 2024","individual"
"som_202206_admin2_dhuusamarreeb_urban.as","SOM_2021_06_admin2_dhuusamarreeb_urban","Thu Jul 25 17:20:50 2024","individual"
"som_202206_admin2_doolow_idp.as","SOM_2022_06_admin2_doolow_idp","Thu Jul 25 17:20:50 2024","individual"
"som_202206_admin2_doolow_urban.as","SOM_2022_06_admin2_doolow_urban","Thu Jul 25 17:20:50 2024","individual"
"som_202206_admin2_gaalkacyo_idp.as","SOM_2022_06_admin2_gaalkacyo_idp","Thu Jul 25 17:20:51 2024","individual"
"som_202206_admin2_gaalkacyo_urban.as","SOM_2022_06_admin2_gaalkacyo_urban","Thu Jul 25 17:20:51 2024","individual"
"som_202206_admin2_garoowe_idp.as","SOM_2022_06_admin2_garoowe_idp","Thu Jul 25 17:20:51 2024","individual"
"som_202206_admin2_garoowe_urban.as","SOM_2022_06_admin2_garoowe_urban","Thu Jul 25 17:20:51 2024","individual"
"som_202206_admin2_kismayo_idp.as","SOM_2020_06_admin2_kismayo_idp","Thu Jul 25 17:20:51 2024","individual"
"som_202206_admin2_kismayo_urban.as","SOM_2022_06_admin2_kismayo_urban","Thu Jul 25 17:20:51 2024","individual"
"som_202206_lhz_baydhababurhakaba_agropast.as","SOM_2022_01_admin2_baidoa_bay","Thu Jul 25 17:20:51 2024","individual"
"som_202207_lhz_bay_agropast.as","SOM_2022_07_lhz_bay_NA","Thu Jul 25 17:20:51 2024","lhz"
"som_202207_lhz_coastaldeeh_pastoral.as","SOM_2022_07_lhz_coastal_pastoral","Thu Jul 25 17:20:51 2024","lhz"
"som_202207_lhz_eastgolis.as","SOM_2022_07_lhz_eastgolis_pastoral","Thu Jul 25 17:20:51 2024","lhz"
"som_202207_lhz_gravity_riverine.as","SOM_2022_07_lhz_riverine_riverine","Thu Jul 25 17:20:52 2024","lhz"
"som_202207_lhz_nip_ne.as","SOM_2022_07_lhz_nip_ne","Thu Jul 25 17:20:52 2024","lhz"
"som_202207_lhz_pump_riverine.as","SOM_2022_07_lhz_riverine_riverine","Thu Jul 25 17:20:52 2024","lhz"
"som_202207_lhz_si_pastoral.as","SOM_2022_07_lhz_gedo_pastoral","Thu Jul 25 17:20:52 2024","lhz"
"som_202207_lhz_srainfed.as","SOM_2022_07_lhz_shabelle_NA","Thu Jul 25 17:20:52 2024","lhz"
"som_202210_admin2_banadir_idp.as","SOM_2022_10_admin2_banadir_idp","Thu Jul 25 17:20:52 2024","individual"
"som_202210_admin2_baydhaba_idp.as","SOM_2022_10_admin2_baydhaba_idp","Thu Jul 25 17:20:52 2024","individual"
"som_202210_admin2_doolow_idp.as","SOM_2022_10_admin2_doolow_idp","Thu Jul 25 17:20:52 2024","individual"
"som_202210_admin2_gaalkacyo_idp.as","SOM_2022_10_admin2_gaalkacyo_idp","Thu Jul 25 17:20:52 2024","individual"
"som_202210_admin2_garoowe_idp.as","SOM_2022_10_admin2_garoowe_idp","Thu Jul 25 17:20:52 2024","individual"
"som_202210_lhz_addun_pastoral.as","SOM_2022_10_lhz_addun_pastoral","Thu Jul 25 17:20:52 2024","lhz"
"som_202210_lhz_baydhababurhakaba_agropast.as","SOM_2022_10_admin2_baidoa_bay","Thu Jul 25 17:20:52 2024","individual"
"som_202210_lhz_chawd_pastoral.as","SOM_2022_10_lhz_hawd_pastoral","Thu Jul 25 17:20:52 2024","lhz"
"som_202210_lhz_mshabelle_sorghum.as","SOM_2022_09_lhz_shabelle_NA","Thu Jul 25 17:20:53 2024","lhz"
"SOM_Addun Pastoral Central Oct 2022.as","SOM_2022_10_lhz_addun_pastoral","Thu Jul 25 17:20:53 2024","lhz"
"SOM_Addun Pastoral Deyr 2023.as","SOM_2023_12_lhz_addun_pastoral","Thu Jul 25 17:20:53 2024","lhz"
"SOM_Baidoa IDPs_1123.as","SOM_2023_11_admin2_baidoa_idps","Thu Jul 25 17:20:53 2024","individual"
"SOM_Baidoa Urban_1123.as","SOM_2023_11_admin2_baidoa_urban","Thu Jul 25 17:20:53 2024","individual"
"SOM_Baidoa_Burhakaba AP_Oct 22_Rev.as","SOM_2022_10_admin2_baidoa_bay","Thu Jul 25 17:20:53 2024","individual"
"SOM_Baidoa_IDPs_06_23.as","SOM_2023_06_admin2_baidoa_idps","Thu Jul 25 17:20:53 2024","individual"
"SOM_Baidoa_IDPs_1022.as","SOM_2022_10_admin2_baidoa_idps","Thu Jul 25 17:20:53 2024","individual"
"SOM_Baidoa_Urban_06_23.as","SOM_2023_06_admin2_baidoa_urban","Thu Jul 25 17:20:53 2024","individual"
"SOM_Bay AgroPastoral _1223.as","SOM_2023_08_lhz_bay_agro","Thu Jul 25 17:20:53 2024","lhz"
"SOM_Bay Agropastoral_0723Rev.as","SOM_2023_07_lhz_bay_NA","Thu Jul 25 17:20:53 2024","lhz"
"SOM_Beletweyne (Urban & IDP) Deyr 2023.as","SOM_2023_09_admin2_beletweyne_urban","Thu Jul 25 17:20:53 2024","individual"
"SOM_Beletweyne _Rural_District_2022 Deyr.as","SOM_2022_12_admin2_beletweyne_rural","Thu Jul 25 17:20:54 2024","individual"
"SOM_Beletweyne District (Riverine& AP) Deyr 2023.as","SOM_2023_09_admin2_beletweyne_NA","Thu Jul 25 17:20:54 2024","individual"
"SOM_Beletweyne IDPs_ 2022 Deyr_revi.as","SOM_2022_12_admin2_beletweyne_idps","Thu Jul 25 17:20:54 2024","individual"
"SOM_BeletWeyne_District_2023_Gu.as","SOM_NA_NA_admin2_beletweyne_NA","Thu Jul 25 17:20:54 2024","individual"
"SOM_BeletWeyne_Urban_IDP_2023_Gu.as","SOM_2023_07_admin2_beletweyne_urban","Thu Jul 25 17:20:54 2024","individual"
"SOM_Bosaso IDP Deyr 2023.as",NA,"Thu Jul 25 17:20:54 2024","stratum not find"
"SOM_Bosaso Urban (Bosaso) Deyr 2023.as",NA,"Thu Jul 25 17:20:54 2024","stratum not find"
"SOM_Bossaso IDPs  2023 Gu.as","SOM_2022_06_admin2_bossaso_idps","Thu Jul 25 17:20:54 2024","individual"
"SOM_Bossaso IDPs Deyr 2022.as","SOM_2022_11_admin2_bossaso_idps","Thu Jul 25 17:20:54 2024","individual"
"SOM_Bossaso Urban 2023 Gu.as","SOM_2023_03_admin2_bossaso_urban","Thu Jul 25 17:20:54 2024","individual"
"SOM_Burao IDPs_1123.as",NA,"Thu Jul 25 17:20:54 2024","stratum not find"
"SOM_Burao Urban_1123.as",NA,"Thu Jul 25 17:20:54 2024","stratum not find"
"SOM_Coastal deeh NE Deyr 2022.as","SOM_2022_12_lhz_coastal_ne","Thu Jul 25 17:20:55 2024","lhz"
"SOM_Coastal Deeh pastoral Northeast Deyr 2023.as","SOM_2023_12_lhz_coastal_pastoral","Thu Jul 25 17:20:55 2024","lhz"
"SOM_Dhusomareb IDP Deyr 2023.as","SOM_2020_11_admin2_dhusomareb_idp","Thu Jul 25 17:20:55 2024","individual"
"SOM_Dhusomareb IDP_1122.as","SOM_2022_11_admin2_dhusomareb_idp","Thu Jul 25 17:20:55 2024","individual"
"SOM_Dhusomareb IDPs 2023 Gu.as","SOM_2023_06_admin2_dhusomareb_idps","Thu Jul 25 17:20:55 2024","individual"
"SOM_Dhusomareb Urban (Galgadud) deyr 2023.as","SOM_2023_11_admin2_dhusomareb_urban","Thu Jul 25 17:20:55 2024","individual"
"SOM_Dhusomareb Urban 2023 Gu.as","SOM_2023_01_admin2_dhusomareb_urban","Thu Jul 25 17:20:55 2024","individual"
"SOM_Dollow IDPs_1022.as","SOM_2022_10_admin2_dollow_idps","Thu Jul 25 17:20:55 2024","individual"
"SOM_Dollow IDPs_1123.as","SOM_2023_11_admin2_dollow_idps","Thu Jul 25 17:20:55 2024","individual"
"SOM_Dollow_IDPs_06_23.as","SOM_2023_06_admin2_dollow_idps","Thu Jul 25 17:20:55 2024","individual"
"SOM_Dollow_Urban_06_23.as","SOM_2023_06_admin2_dollow_urban","Thu Jul 25 17:20:55 2024","individual"
"SOM_Dolow Urban_1123.as",NA,"Thu Jul 25 17:20:55 2024","stratum not find"
"SOM_EastGolis NE Deyr 2022.as","SOM_2022_12_lhz_eastgolis_ne","Thu Jul 25 17:20:55 2024","lhz"
"SOM_EastGolis Pastoral_Combined_0823.as","SOM_2023_07_lhz_eastgolis_pastoral","Thu Jul 25 17:20:56 2024","lhz"
"SOM_EastGolis_1223.as","SOM_2023_12_lhz_eastgolis_pastoral","Thu Jul 25 17:20:56 2024","lhz"
"SOM_Galkacyo IDPs (Mudug)Deyr 2023.as","SOM_2023_02_admin2_galkacyo_idps","Thu Jul 25 17:20:56 2024","individual"
"SOM_Galkacyo Urban (Mudug) Deyr 2023.as","SOM_2023_11_admin2_galkacyo_urban","Thu Jul 25 17:20:56 2024","individual"
"SOM_Galkayo IDPs 2023 Gu.as","SOM_2023_06_admin2_galkayo_idps","Thu Jul 25 17:20:56 2024","individual"
"SOM_Galkayo IDPs_Oct 2022.as","SOM_2022_10_admin2_galkayo_idps","Thu Jul 25 17:20:56 2024","individual"
"SOM_Galkayo Urban 2023 Gu.as","SOM_2023_06_admin2_galkayo_urban","Thu Jul 25 17:20:56 2024","individual"
"SOM_Garowe IDP (Nugaal) Deyr 2023.as","SOM_2023_11_admin2_garowe_idp","Thu Jul 25 17:20:56 2024","individual"
"SOM_Garowe IDPs 2023 Gu.as","SOM_2023_06_admin2_garowe_idps","Thu Jul 25 17:20:56 2024","individual"
"SOM_Garowe IDPs_Oct 2022.as","SOM_2022_10_admin2_garowe_idps","Thu Jul 25 17:20:56 2024","individual"
"SOM_Garowe Urban (Nugaa) deyr 2023l.as","SOM_2023_11_admin2_garowe_urban","Thu Jul 25 17:20:56 2024","individual"
"SOM_Garowe Urban 2023 Gu.as","SOM_2023_06_admin2_garowe_urban","Thu Jul 25 17:20:57 2024","individual"
"SOM_Guban Pastoral_0823.xls.as","SOM_2023_01_lhz_guban_pastoral","Thu Jul 25 17:20:57 2024","lhz"
"SOM_Guban Pastoral_1223.as","SOM_2023_12_lhz_guban_pastoral","Thu Jul 25 17:20:57 2024","lhz"
"SOM_Hargeisa  Urban _1123.as",NA,"Thu Jul 25 17:20:57 2024","stratum not find"
"SOM_Hargeisa IDPs_1123.as",NA,"Thu Jul 25 17:20:57 2024","stratum not find"
"SOM_Hawd Pastoral Central Oct 2022.as","SOM_2022_10_lhz_hawd_pastoral","Thu Jul 25 17:20:57 2024","lhz"
"SOM_Hawd Pastoral Central_ Deyr 2023.as","SOM_2023_12_lhz_hawd_pastoral","Thu Jul 25 17:20:57 2024","lhz"
"SOM_Kismayo IDPs Deyr 2022.as","SOM_2020_11_admin2_kismayo_idps","Thu Jul 25 17:20:57 2024","individual"
"SOM_Kismayo Urban Gu23.as","SOM_2023_06_admin2_kismayo_urban","Thu Jul 25 17:20:57 2024","individual"
"SOM_KismayoIDPs _06_23.as","SOM_2023_06_admin2_kismayo_rainfed","Thu Jul 25 17:20:57 2024","individual"
"SOM_Kismayu IDPs (L. Juba) Deyr 2023.as",NA,"Thu Jul 25 17:20:57 2024","stratum not find"
"SOM_Kismayu Urban (L. Juba) Deyr 2023.as",NA,"Thu Jul 25 17:20:57 2024","stratum not find"
"SOM_Mogadishu IDPs (Banadir) Deyr 2023 (1).as","SOM_2023_11_admin2_mogadishu_idps","Thu Jul 25 17:20:58 2024","individual"
"SOM_Mogadishu IDPs_06_23.as","SOM_2023_06_admin2_mogadishu_idps","Thu Jul 25 17:20:58 2024","individual"
"SOM_Mogadishu IDPs_1022.as","SOM_2022_10_admin2_mogadishu_idps","Thu Jul 25 17:20:58 2024","individual"
"SOM_Mogadishu Urban (Banadir) Deyr 2023 (1).as","SOM_2023_11_admin2_mogadishu_urban","Thu Jul 25 17:20:58 2024","individual"
"SOM_Mogadishu Urban _06_23.as","SOM_2023_06_admin2_mogadishu_urban","Thu Jul 25 17:20:58 2024","individual"
"SOM_NG Riverine Deyr 2023.as","SOM_NA_NA_lhz_riverine_riverine","Thu Jul 25 17:20:58 2024","lhz"
"SOM_NGedo _Pastoral_1222.as","SOM_2022_12_lhz_ngedo_pastoral","Thu Jul 25 17:20:58 2024","lhz"
"SOM_NGedo _Riverine_1222.as","SOM_2022_04_lhz_ngedo_riverine","Thu Jul 25 17:20:58 2024","lhz"
"SOM_NGedo Pastoral Deyr 2023.as","SOM_2023_11_lhz_ngedo_pastoral","Thu Jul 25 17:20:58 2024","lhz"
"SOM_NGedo Pastoral_0723.as","SOM_2023_07_lhz_ngedo_pastoral","Thu Jul 25 17:20:58 2024","lhz"
"SOM_NGedo Riverine_0723.as","SOM_2023_07_lhz_ngedo_riverine","Thu Jul 25 17:20:58 2024","lhz"
"SOM_NIP NE 2023 Gu.as","SOM_2023_07_lhz_nip_ne","Thu Jul 25 17:20:58 2024","lhz"
"SOM_NIP NE Deyr 2022.as","SOM_2022_12_lhz_nip_ne","Thu Jul 25 17:20:58 2024","lhz"
"SOM_Northern Inland Pastoral Northeast Deyr 2023.as","SOM_2023_12_lhz_inland_pastoral","Thu Jul 25 17:20:59 2024","lhz"
"SOM_NW Hawd Pastoral_0823.as","SOM_2021_07_lhz_nw_pastoral","Thu Jul 25 17:20:59 2024","lhz"
"SOM_NW Hawd Pastoral_1223.as","SOM_2023_12_lhz_nw_pastoral","Thu Jul 25 17:20:59 2024","lhz"
"SOM_NW Northern Inland Pastoral_1223.as","SOM_2023_12_lhz_nw_pastoral","Thu Jul 25 17:20:59 2024","lhz"
"SOM_NWAgropastoral_082Rev.as","SOM_2021_07_lhz_nw_NA","Thu Jul 25 17:20:59 2024","lhz"
"SOM_Qansah_Dinsor_1222_rev.as","SOM_2022_12_admin2_dinsor_NA","Thu Jul 25 17:20:59 2024","individual"
"SOM_Shabelle Agropastoral Deyr 2023.as","SOM_2023_12_lhz_shabelle_NA","Thu Jul 25 17:20:59 2024","lhz"
"SOM_Shabelle Riverine Deyr 2023.as","SOM_2022_12_lhz_shabelle_riverine","Thu Jul 25 17:20:59 2024","lhz"
"SOM_Shabelle_Riverine_2023_Gu.as","SOM_2023_07_lhz_shabelle_riverine","Thu Jul 25 17:20:59 2024","lhz"
"SOM_West GolisPastor_0823.as",NA,"Thu Jul 25 17:20:59 2024","stratum not find"
"SOM_WestGolis Pastoral_1223.as","SOM_2023_12_lhz_westgolis_pastoral","Thu Jul 25 17:20:59 2024","lhz"
"Wajid_Som_Jan_2023.as","SOM_2023_01_admin2_wajid_NA","Thu Jul 25 17:20:59 2024","individual"
"Zeila Complete ENA.as","SOM_2022_10_admin2_zeila_eastgolis","Thu Jul 25 17:21:00 2024","individual"
